,BTC,ETH,DXY
2017-08-17,4285.08,302.0,110.1673
2017-08-18,4108.37,293.96,110.041
2017-08-21,4016.0,323.29,109.7349
2017-08-22,4040.0,309.8,109.8386
2017-08-23,4114.01,315.74,109.8095
2017-08-24,4316.01,323.42,109.7524
2017-08-25,4280.68,327.24,109.3415
2017-08-28,4386.69,346.0,109.1815
2017-08-29,4587.48,374.7,109.0946
2017-08-30,4555.14,385.93,109.4052
2017-08-31,4724.89,384.79,109.3686
2017-09-01,4834.91,388.46,109.0504
2017-09-04,4100.11,283.77,
2017-09-05,4366.47,312.09,108.8664
2017-09-06,4619.77,335.0,108.4897
2017-09-07,4691.61,334.49,107.9224
2017-09-08,4282.8,302.99,107.808
2017-09-11,4208.47,297.3,108.153
2017-09-12,4163.72,293.96,108.3239
2017-09-13,3944.69,276.91,108.6628
2017-09-14,3189.02,215.21,108.618
2017-09-15,3700.0,253.0,108.3147
2017-09-18,4035.01,294.57,108.6401
2017-09-19,3910.04,284.0,108.6142
2017-09-20,3900.0,282.0,108.4329
2017-09-21,3609.99,257.0,108.9267
2017-09-22,3595.87,264.0,108.7542
2017-09-25,3920.75,294.42,109.3302
2017-09-26,3882.35,287.9,109.7769
2017-09-27,4193.0,309.74,110.0722
2017-09-28,4174.5,302.44,110.2415
2017-09-29,4174.69,292.22,110.0867
2017-10-02,4380.0,296.5,110.3686
2017-10-03,4310.0,292.48,110.3281
2017-10-04,4208.59,291.99,110.2425
2017-10-05,4292.43,294.81,110.5823
2017-10-06,4369.0,310.8,110.7841
2017-10-09,4786.95,297.19,
2017-10-10,4783.06,298.64,110.3034
2017-10-11,4821.43,304.01,110.3037
2017-10-12,5430.0,303.99,110.3152
2017-10-13,5649.98,337.96,110.2669
2017-10-16,5760.02,335.19,110.5432
2017-10-17,5595.0,315.19,110.9141
2017-10-18,5512.06,309.7,110.7214
2017-10-19,5683.9,308.66,110.4577
2017-10-20,6010.01,304.51,111.0375
2017-10-23,5915.93,281.09,111.2134
2017-10-24,5477.03,297.38,111.4027
2017-10-25,5689.99,294.49,111.3904
2017-10-26,5861.77,294.71,111.6418
2017-10-27,5768.83,296.33,112.1495
2017-10-30,6120.5,307.25,111.901
2017-10-31,6463.0,304.9,111.8052
2017-11-01,6753.98,287.01,111.7942
2017-11-02,7019.98,283.12,111.5474
2017-11-03,7115.04,304.08,111.9383
2017-11-06,6960.12,297.97,111.7197
2017-11-07,7064.04,291.78,111.9446
2017-11-08,7303.0,303.02,111.6935
2017-11-09,7079.99,317.87,111.5626
2017-11-10,6506.98,293.5,
2017-11-13,6465.99,312.99,111.7833
2017-11-14,6574.99,335.61,111.5097
2017-11-15,7240.06,331.33,111.4809
2017-11-16,7864.5,331.49,111.2568
2017-11-17,7699.19,331.23,111.0016
2017-11-20,8212.0,367.42,111.2599
2017-11-21,8119.51,362.12,110.9828
2017-11-22,8205.92,380.65,110.5632
2017-11-23,8019.99,405.0,
2017-11-24,8138.0,469.0,110.0253
2017-11-27,9650.0,472.31,110.1136
2017-11-28,9896.8,466.17,110.3018
2017-11-29,9687.88,421.7,110.3265
2017-11-30,9838.96,427.43,110.4648
2017-12-01,10782.99,457.51,110.1413
2017-12-04,11579.0,466.67,110.397
2017-12-05,11699.99,452.26,110.4905
2017-12-06,13550.05,411.01,110.8711
2017-12-07,16599.0,406.33,111.0178
2017-12-08,15880.0,442.56,111.2273
2017-12-11,16587.97,508.7,111.0827
2017-12-12,16349.99,620.0,111.5214
2017-12-13,16033.29,683.99,111.2759
2017-12-14,16334.98,679.76,111.0893
2017-12-15,17539.83,674.95,111.1286
2017-12-18,18856.25,784.0,110.9086
2017-12-19,17295.2,798.0,111.1255
2017-12-20,16488.98,790.21,110.8361
2017-12-21,15492.64,782.41,110.8786
2017-12-22,13326.61,635.97,111.0997
2017-12-25,13699.34,714.95,
2017-12-26,15689.01,750.0,110.9758
2017-12-27,15459.99,739.89,110.8553
2017-12-28,14182.11,707.89,110.5154
2017-12-29,14378.9,733.99,110.0783
2018-01-01,13380.0,754.99,
2018-01-02,14675.11,855.28,109.6444
2018-01-03,14919.51,934.03,109.6751
2018-01-04,15059.54,940.0,109.4779
2018-01-05,16960.39,959.3,109.3496
2018-01-08,14902.54,1133.18,109.5678
2018-01-09,14400.0,1291.0,109.9022
2018-01-10,14907.09,1247.0,109.6277
2018-01-11,13238.78,1138.93,109.4887
2018-01-12,13740.01,1253.87,108.9011
2018-01-15,13539.93,1271.0,
2018-01-16,10900.0,1000.0,108.322
2018-01-17,10988.79,1000.0,108.1526
2018-01-18,10961.97,994.0,108.0655
2018-01-19,11474.98,1032.5,107.9454
2018-01-22,10760.05,993.0,108.1069
2018-01-23,10799.18,980.0,107.9981
2018-01-24,11349.99,1061.0,107.0801
2018-01-25,11175.27,1056.52,106.5052
2018-01-26,11089.0,1051.03,106.6909
2018-01-29,11251.0,1177.01,107.1141
2018-01-30,10237.51,1085.5,107.1063
2018-01-31,10285.1,1124.81,106.7695
2018-02-01,9224.52,1041.94,106.4877
2018-02-02,8873.03,922.3,107.1154
2018-02-05,6939.99,697.92,107.3303
2018-02-06,7652.14,779.25,107.5206
2018-02-07,7599.0,754.0,107.7173
2018-02-08,7784.02,781.66,108.3021
2018-02-09,8683.92,877.0,108.2579
2018-02-12,8903.0,866.66,108.0332
2018-02-13,8539.9,841.57,107.7575
2018-02-14,9449.99,919.09,107.4693
2018-02-15,10000.09,924.55,106.9869
2018-02-16,10159.98,938.67,107.0359
2018-02-19,11153.0,938.11,
2018-02-20,11200.99,882.99,107.6248
2018-02-21,10437.6,835.89,107.8679
2018-02-22,9811.04,801.49,107.8668
2018-02-23,10131.04,851.6,107.6802
2018-02-26,10324.0,867.98,107.7345
2018-02-27,10569.04,870.11,108.1729
2018-02-28,10326.76,853.5,108.3901
2018-03-01,10920.0,870.63,108.5357
2018-03-02,11039.0,856.28,
2018-03-05,11454.0,849.84,108.3617
2018-03-06,10716.48,813.11,107.7972
2018-03-07,9910.0,749.9,108.0916
2018-03-08,9271.64,695.46,108.2673
2018-03-09,9227.0,723.71,107.9231
2018-03-12,9131.34,697.11,107.9439
2018-03-13,9150.0,689.94,107.7387
2018-03-14,8170.0,610.1,107.8625
2018-03-15,8240.98,608.83,108.2033
2018-03-16,8260.0,599.05,108.4333
2018-03-19,8600.0,556.88,108.3146
2018-03-20,8909.98,557.0,108.4953
2018-03-21,8885.0,559.17,
2018-03-22,8722.9,539.92,107.9934
2018-03-23,8898.03,543.03,107.7495
2018-03-26,8134.23,485.0,107.182
2018-03-27,7795.51,448.5,107.3361
2018-03-28,7949.3,446.67,107.5733
2018-03-29,7090.14,384.0,107.665
2018-03-30,6840.23,392.43,107.4783
2018-04-02,7056.0,385.05,107.7031
2018-04-03,7405.21,415.01,107.5621
2018-04-04,6796.1,378.16,107.636
2018-04-05,6770.76,381.22,107.7279
2018-04-06,6601.39,368.89,107.7884
2018-04-09,6782.72,399.44,107.5312
2018-04-10,6843.9,416.07,107.3651
2018-04-11,6953.79,429.52,107.1216
2018-04-12,7923.0,495.67,107.2897
2018-04-13,7877.41,495.11,107.2359
2018-04-16,8064.92,511.46,107.0588
2018-04-17,7885.02,502.56,107.0335
2018-04-18,8173.0,526.09,107.1091
2018-04-19,8278.0,568.14,107.5191
2018-04-20,8856.98,617.09,108.1782
2018-04-23,8934.01,645.09,108.9328
2018-04-24,9619.99,701.58,108.7903
2018-04-25,8869.99,618.0,109.3443
2018-04-26,9266.0,661.51,109.3639
2018-04-27,8915.35,643.46,109.1729
2018-04-30,9246.01,670.78,109.3356
2018-05-01,9071.48,672.0,109.7437
2018-05-02,9247.84,688.56,110.1616
2018-05-03,9750.0,779.0,110.1796
2018-05-04,9713.99,785.99,110.2492
2018-05-07,9365.0,752.49,110.5713
2018-05-08,9187.56,748.99,111.062
2018-05-09,9310.0,751.75,110.8807
2018-05-10,9002.2,722.52,110.4041
2018-05-11,8400.0,676.96,110.2839
2018-05-14,8663.34,727.49,110.4073
2018-05-15,8462.0,704.91,111.2283
2018-05-16,8330.0,706.29,111.3057
2018-05-17,8041.46,667.62,111.3537
2018-05-18,8239.81,692.6,111.7161
2018-05-21,8381.24,696.7,111.6385
2018-05-22,7977.11,640.99,111.1934
2018-05-23,7501.95,577.19,111.6919
2018-05-24,7575.01,602.18,111.4871
2018-05-25,7457.0,585.55,111.5828
2018-05-28,7099.0,511.5,
2018-05-29,7461.29,567.36,112.2108
2018-05-30,7375.96,557.19,111.6717
2018-05-31,7485.01,577.81,111.988
2018-06-01,7521.01,579.0,111.8253
2018-06-04,7487.0,591.02,111.8235
2018-06-05,7625.0,609.05,112.2628
2018-06-06,7658.84,607.4,111.7517
2018-06-07,7691.08,605.16,112.0719
2018-06-08,7603.44,598.68,112.1057
2018-06-11,6872.0,531.69,112.1097
2018-06-12,6530.0,493.0,112.2129
2018-06-13,6292.78,475.47,112.2569
2018-06-14,6635.98,519.29,112.8581
2018-06-15,6388.9,487.48,113.3369
2018-06-18,6712.46,517.95,113.4889
2018-06-19,6741.21,537.97,113.6379
2018-06-20,6761.51,536.49,113.4774
2018-06-21,6718.84,526.18,113.61
2018-06-22,6045.0,462.09,113.3039
2018-06-25,6252.0,458.7,113.2854
2018-06-26,6070.78,429.34,113.301
2018-06-27,6133.73,441.64,113.8964
2018-06-28,5853.98,420.22,113.8399
2018-06-29,6197.92,434.77,113.2583
2018-07-02,6615.29,476.25,114.1669
2018-07-03,6513.86,461.82,113.3217
2018-07-04,6586.98,467.38,
2018-07-05,6529.2,467.87,112.9756
2018-07-06,6609.78,470.47,112.6426
2018-07-09,6662.12,471.71,112.6423
2018-07-10,6296.91,432.48,112.5792
2018-07-11,6378.07,444.99,112.8582
2018-07-12,6250.57,431.14,112.779
2018-07-13,6214.57,432.46,113.0705
2018-07-16,6723.35,478.49,112.8438
2018-07-17,7317.44,498.76,113.1504
2018-07-18,7381.9,479.41,113.3349
2018-07-19,7466.21,468.57,113.9464
2018-07-20,7337.53,449.04,113.3214
2018-07-23,7721.01,450.05,113.4248
2018-07-24,8397.24,479.28,113.2043
2018-07-25,8175.64,472.1,112.9217
2018-07-26,7920.0,462.64,112.9175
2018-07-27,8188.57,470.09,112.8122
2018-07-30,8173.92,456.23,112.6043
2018-07-31,7730.93,432.22,112.7297
2018-08-01,7604.58,420.41,112.8897
2018-08-02,7525.71,410.62,113.1674
2018-08-03,7418.78,417.52,113.0114
2018-08-06,6934.82,405.28,113.2283
2018-08-07,6720.06,378.21,112.9753
2018-08-08,6285.0,355.48,113.1404
2018-08-09,6529.79,363.3,113.3797
2018-08-10,6144.01,331.81,114.2992
2018-08-13,6246.35,283.81,114.8497
2018-08-14,6188.08,278.41,114.6566
2018-08-15,6267.16,281.12,115.1512
2018-08-16,6311.75,287.17,114.6403
2018-08-17,6584.49,317.51,114.5327
2018-08-20,6254.84,270.51,114.3493
2018-08-21,6480.0,281.21,113.8595
2018-08-22,6360.89,270.8,113.6622
2018-08-23,6525.01,275.99,114.0926
2018-08-24,6681.64,281.19,113.598
2018-08-27,6908.64,287.71,113.2717
2018-08-28,7076.11,295.44,113.3441
2018-08-29,7031.22,288.4,113.6458
2018-08-30,6984.84,283.89,114.0895
2018-08-31,7011.21,281.41,114.275
2018-09-03,7263.02,289.09,
2018-09-04,7359.06,285.3,114.858
2018-09-05,6700.0,228.53,114.7474
2018-09-06,6516.01,229.7,114.6473
2018-09-07,6395.54,215.22,114.5807
2018-09-10,6312.0,197.15,114.6793
2018-09-11,6294.91,185.18,114.7044
2018-09-12,6338.62,183.12,114.2185
2018-09-13,6487.38,210.68,113.9264
2018-09-14,6476.63,208.82,114.0654
2018-09-17,6248.69,196.16,113.9154
2018-09-18,6336.45,208.17,113.7735
2018-09-19,6391.89,209.79,113.6528
2018-09-20,6492.0,224.0,113.4986
2018-09-21,6759.02,247.73,113.5097
2018-09-24,6581.39,228.06,113.53
2018-09-25,6447.54,219.62,113.7203
2018-09-26,6465.12,214.42,113.6738
2018-09-27,6689.13,229.13,113.9782
2018-09-28,6634.58,221.84,113.8072
2018-10-01,6611.61,231.61,113.8227
2018-10-02,6525.79,225.69,113.8946
2018-10-03,6510.0,220.77,114.1559
2018-10-04,6593.79,222.66,114.6857
2018-10-05,6635.65,228.37,114.5599
2018-10-08,6673.01,230.01,
2018-10-09,6656.61,228.4,114.6568
2018-10-10,6631.0,226.74,114.6059
2018-10-11,6252.68,191.58,114.4062
2018-10-12,6298.01,196.96,114.368
2018-10-15,6752.5,214.39,114.044
2018-10-16,6759.27,215.09,113.8952
2018-10-17,6740.89,212.85,114.1743
2018-10-18,6618.96,206.24,114.8152
2018-10-19,6528.88,205.0,114.8557
2018-10-22,6581.2,206.67,115.1772
2018-10-23,6553.51,205.85,115.1641
2018-10-24,6565.5,205.35,115.3743
2018-10-25,6528.09,203.93,115.4818
2018-10-26,6538.63,204.92,115.4717
2018-10-29,6344.5,196.96,115.8925
2018-10-30,6330.87,197.27,116.2346
2018-10-31,6371.93,198.73,116.5268
2018-11-01,6410.0,199.96,115.8643
2018-11-02,6433.98,202.35,115.6415
2018-11-05,6468.99,210.66,115.7015
2018-11-06,6519.11,220.74,115.5607
2018-11-07,6578.46,219.07,115.2505
2018-11-08,6479.84,212.79,115.6463
2018-11-09,6419.99,210.77,116.4762
2018-11-12,6453.07,212.89,
2018-11-13,6457.66,209.84,116.6676
2018-11-14,5922.41,187.43,116.4964
2018-11-15,5753.4,184.35,116.3849
2018-11-16,5655.94,176.89,115.9246
2018-11-19,4910.03,150.81,115.985
2018-11-20,4558.86,133.82,116.2357
2018-11-21,4661.07,138.23,116.0911
2018-11-22,4370.0,126.63,
2018-11-23,4420.61,125.02,116.4703
2018-11-26,3862.2,110.68,116.6198
2018-11-27,3875.21,111.43,116.8991
2018-11-28,4264.85,122.9,116.8333
2018-11-29,4295.84,117.98,116.1954
2018-11-30,4041.32,113.73,116.4121
2018-12-03,3884.01,108.76,115.9046
2018-12-04,3951.64,109.94,116.0015
2018-12-05,3769.84,102.71,
2018-12-06,3508.75,91.0,116.3983
2018-12-07,3403.55,93.05,116.0839
2018-12-10,3432.88,89.91,116.6739
2018-12-11,3380.39,87.76,116.7556
2018-12-12,3445.0,89.41,116.2205
2018-12-13,3302.06,86.34,116.3967
2018-12-14,3224.17,83.82,116.7891
2018-12-17,3509.08,94.02,116.4524
2018-12-18,3652.98,100.39,116.4122
2018-12-19,3662.22,98.74,116.0672
2018-12-20,4049.62,114.05,116.0179
2018-12-21,3838.66,107.69,116.2221
2018-12-24,4008.01,138.03,116.2177
2018-12-25,3745.79,127.6,
2018-12-26,3777.74,129.35,116.1156
2018-12-27,3567.91,113.8,115.9922
2018-12-28,3839.26,135.3,115.7226
2018-12-31,3702.9,131.45,115.5667
2019-01-01,3797.14,139.1,
2019-01-02,3858.56,152.01,115.7676
2019-01-03,3766.78,146.3,115.4611
2019-01-04,3792.01,151.97,114.9813
2019-01-07,3975.45,149.34,114.5621
2019-01-08,3955.13,147.6,114.7272
2019-01-09,3966.65,148.1,114.1394
2019-01-10,3585.88,124.95,114.048
2019-01-11,3601.31,124.65,114.0383
2019-01-14,3626.09,126.95,
2019-01-15,3553.06,118.95,114.3374
2019-01-16,3591.84,121.48,114.1341
2019-01-17,3616.21,121.54,114.4087
2019-01-18,3594.87,119.17,114.5555
2019-01-21,3526.9,115.63,
2019-01-22,3570.93,117.81,114.7515
2019-01-23,3552.82,116.44,114.5732
2019-01-24,3569.62,116.39,114.614
2019-01-25,3565.29,115.11,114.0168
2019-01-28,3434.15,105.5,114.0493
2019-01-29,3411.04,104.45,114.0227
2019-01-30,3458.18,108.29,114.0705
2019-01-31,3434.1,106.44,113.5476
2019-02-01,3462.07,106.73,113.7524
2019-02-04,3463.22,107.68,113.8738
2019-02-05,3471.59,107.27,114.0404
2019-02-06,3405.37,104.5,114.2275
2019-02-07,3398.4,104.48,114.4308
2019-02-08,3659.04,119.25,114.4975
2019-02-11,3631.05,120.89,115.0288
2019-02-12,3631.46,122.41,114.7278
2019-02-13,3609.4,121.86,114.9388
2019-02-14,3590.56,120.42,115.0984
2019-02-15,3602.47,121.67,114.9899
2019-02-18,3898.6,145.69,
2019-02-19,3907.79,143.44,114.5676
2019-02-20,3969.74,148.44,
2019-02-21,3937.31,145.69,114.507
2019-02-22,3962.0,147.36,114.2692
2019-02-25,3827.92,137.87,114.1432
2019-02-26,3809.23,136.22,114.0662
2019-02-27,3818.07,135.02,114.0337
2019-02-28,3813.69,135.34,114.1971
2019-03-01,3823.0,135.32,114.535
2019-03-04,3715.3,125.65,114.6903
2019-03-05,3857.73,136.72,114.8019
2019-03-06,3861.84,137.4,114.9697
2019-03-07,3873.64,136.81,115.4905
2019-03-08,3864.89,133.52,115.3585
2019-03-11,3871.61,132.67,115.2953
2019-03-12,3882.73,133.57,114.9376
2019-03-13,3866.0,131.65,114.7361
2019-03-14,3877.12,132.2,114.7891
2019-03-15,3923.76,136.56,114.5808
2019-03-18,3987.81,137.59,114.4368
2019-03-19,4015.53,138.55,114.2313
2019-03-20,4043.04,139.01,114.1497
2019-03-21,3980.64,134.85,114.1672
2019-03-22,3986.93,135.98,114.6845
2019-03-25,3936.12,133.98,114.4158
2019-03-26,3948.55,134.18,114.6404
2019-03-27,4038.05,139.45,115.1236
2019-03-28,4027.81,137.86,115.2575
2019-03-29,4103.25,143.25,115.1364
2019-04-01,4144.56,141.24,114.935
2019-04-02,4857.29,163.31,115.1164
2019-04-03,4932.6,159.96,114.7204
2019-04-04,4898.66,157.36,114.9687
2019-04-05,5004.95,164.77,114.9714
2019-04-08,5236.9,178.72,114.6879
2019-04-09,5150.0,174.6,114.5307
2019-04-10,5308.25,177.12,114.4255
2019-04-11,5017.37,164.07,114.629
2019-04-12,5048.01,163.19,114.3517
2019-04-15,5024.95,159.95,114.4936
2019-04-16,5173.72,165.37,114.6745
2019-04-17,5202.82,165.75,114.5128
2019-04-18,5258.44,173.33,114.7057
2019-04-19,5258.68,172.64,114.6961
2019-04-22,5357.14,170.52,114.7679
2019-04-23,5493.31,169.16,115.1563
2019-04-24,5415.0,164.78,115.4172
2019-04-25,5219.9,154.72,115.7692
2019-04-26,5314.1,157.95,115.4749
2019-04-29,5238.14,155.11,115.5213
2019-04-30,5320.81,161.83,115.3268
2019-05-01,5383.2,160.19,115.0008
2019-05-02,5492.87,161.81,115.5607
2019-05-03,5772.69,168.06,115.2635
2019-05-06,5747.79,173.0,115.38
2019-05-07,5846.34,169.18,115.6104
2019-05-08,5987.29,170.85,115.5161
2019-05-09,6209.18,170.9,115.8414
2019-05-10,6373.33,172.91,115.5327
2019-05-13,7790.71,195.84,115.9142
2019-05-14,7947.56,216.4,115.942
2019-05-15,8169.87,248.1,115.8561
2019-05-16,7866.59,264.25,116.0343
2019-05-17,7355.26,244.3,116.4481
2019-05-20,7938.15,250.37,116.3126
2019-05-21,7904.87,253.43,116.2847
2019-05-22,7628.43,243.64,116.2414
2019-05-23,7851.51,244.56,116.2369
2019-05-24,7964.87,248.87,116.0809
2019-05-27,8756.32,270.53,
2019-05-28,8715.64,271.03,116.3178
2019-05-29,8645.68,268.83,116.5533
2019-05-30,8269.54,254.56,116.3986
2019-05-31,8555.0,267.9,116.7279
2019-06-03,8115.82,249.91,116.4777
2019-06-04,7687.03,241.39,116.0919
2019-06-05,7776.5,245.63,116.0309
2019-06-06,7786.7,248.76,115.9788
2019-06-07,7980.53,248.77,115.7386
2019-06-10,7982.75,246.51,115.5012
2019-06-11,7884.9,244.29,115.3803
2019-06-12,8127.64,261.15,115.4388
2019-06-13,8218.54,254.67,115.6281
2019-06-14,8650.0,262.47,115.9059
2019-06-17,9313.96,273.16,115.9687
2019-06-18,9081.55,264.66,115.8798
2019-06-19,9255.49,268.14,115.7891
2019-06-20,9517.12,271.22,114.8046
2019-06-21,10159.86,294.35,114.8378
2019-06-24,11056.59,311.64,114.6568
2019-06-25,11820.86,318.26,114.6373
2019-06-26,13093.8,339.39,114.5619
2019-06-27,11329.99,298.35,114.6663
2019-06-28,12400.63,311.05,114.5834
2019-07-01,10624.93,295.07,114.7247
2019-07-02,10842.85,291.48,114.8268
2019-07-03,11940.0,301.14,114.8145
2019-07-04,11145.67,282.73,
2019-07-05,10970.73,287.47,115.1143
2019-07-08,12238.6,311.97,115.0263
2019-07-09,12543.41,307.46,115.1026
2019-07-10,12108.37,289.23,115.0897
2019-07-11,11342.89,268.63,114.8375
2019-07-12,11757.22,274.62,114.7696
2019-07-15,10838.72,228.2,114.6831
2019-07-16,9439.59,198.88,115.0124
2019-07-17,9667.92,210.81,114.8829
2019-07-18,10627.16,225.73,114.8751
2019-07-19,10504.29,220.73,114.8702
2019-07-22,10340.31,217.51,115.0026
2019-07-23,9864.91,212.48,115.3001
2019-07-24,9763.28,216.31,115.2441
2019-07-25,9879.87,219.14,115.2987
2019-07-26,9824.0,218.81,115.5454
2019-07-29,9507.64,210.89,115.5896
2019-07-30,9574.21,209.58,115.6222
2019-07-31,10080.53,218.42,115.4955
2019-08-01,10374.99,216.84,116.0509
2019-08-02,10523.75,217.61,116.1874
2019-08-05,11828.8,233.54,116.587
2019-08-06,11481.69,226.28,116.6921
2019-08-07,11975.03,226.1,116.8003
2019-08-08,11999.77,221.39,116.4756
2019-08-09,11879.99,210.53,116.4432
2019-08-12,11396.08,211.41,116.7567
2019-08-13,10892.71,209.3,116.7283
2019-08-14,10050.37,187.1,117.0926
2019-08-15,10293.93,188.03,117.2247
2019-08-16,10331.54,184.88,117.0796
2019-08-19,10915.54,202.28,117.39
2019-08-20,10760.51,196.6,117.3738
2019-08-21,10142.57,187.45,117.1778
2019-08-22,10099.88,190.35,117.357
2019-08-23,10389.55,194.02,117.3027
2019-08-26,10372.25,188.67,117.668
2019-08-27,10185.05,187.24,117.7525
2019-08-28,9721.0,173.03,117.8792
2019-08-29,9498.44,169.01,118.0652
2019-08-30,9584.54,168.5,118.16
2019-09-02,10340.0,178.05,
2019-09-03,10615.28,178.75,118.313
2019-09-04,10567.02,174.72,117.6745
2019-09-05,10564.49,173.75,117.4791
2019-09-06,10298.73,169.08,117.1305
2019-09-09,10303.12,180.54,117.0617
2019-09-10,10098.15,179.81,117.09
2019-09-11,10158.33,178.28,117.3138
2019-09-12,10415.01,180.72,116.8391
2019-09-13,10342.06,180.95,116.769
2019-09-16,10251.31,197.22,117.0261
2019-09-17,10187.82,207.84,116.9839
2019-09-18,10156.99,210.21,116.9779
2019-09-19,10244.29,220.24,117.0877
2019-09-20,10168.59,218.03,117.1835
2019-09-23,9702.25,201.29,117.3006
2019-09-24,8493.14,165.81,117.2247
2019-09-25,8430.05,169.96,117.6549
2019-09-26,8063.73,165.92,117.729
2019-09-27,8177.91,173.79,117.7246
2019-09-30,8289.34,180.85,117.9488
2019-10-01,8292.44,175.66,117.9621
2019-10-02,8359.94,180.24,117.9694
2019-10-03,8223.96,174.69,117.6628
2019-10-04,8137.13,175.55,117.5306
2019-10-07,8190.09,179.85,117.5552
2019-10-08,8168.39,180.6,117.7423
2019-10-09,8560.74,192.62,117.6854
2019-10-10,8558.03,191.14,117.282
2019-10-11,8258.5,180.72,116.8257
2019-10-14,8348.2,186.72,
2019-10-15,8159.29,180.49,116.8122
2019-10-16,7991.74,174.47,116.6438
2019-10-17,8070.58,177.16,116.2631
2019-10-18,7947.01,172.74,116.1359
2019-10-21,8197.27,173.98,116.0453
2019-10-22,8020.0,171.2,115.9868
2019-10-23,7466.62,162.35,116.0601
2019-10-24,7412.41,160.38,116.1291
2019-10-25,8655.02,181.5,116.0788
2019-10-28,9205.14,181.72,116.0236
2019-10-29,9407.62,190.46,115.9811
2019-10-30,9154.72,183.13,116.1649
2019-10-31,9140.85,182.18,115.9137
2019-11-01,9231.61,182.85,115.7324
2019-11-04,9393.35,185.71,115.8637
2019-11-05,9308.66,188.68,116.1149
2019-11-06,9339.05,191.16,116.1012
2019-11-07,9216.2,186.68,116.1179
2019-11-08,8773.73,183.74,116.344
2019-11-11,8733.27,184.98,
2019-11-12,8821.94,187.09,116.5843
2019-11-13,8777.12,188.11,116.8404
2019-11-14,8646.68,184.92,116.8031
2019-11-15,8471.73,180.0,116.4409
2019-11-18,8187.17,178.2,116.3634
2019-11-19,8133.64,175.94,116.5402
2019-11-20,8098.01,174.72,116.8293
2019-11-21,7627.74,161.01,116.7447
2019-11-22,7268.23,149.56,116.9148
2019-11-25,7109.57,145.69,117.0109
2019-11-26,7156.14,147.47,117.0529
2019-11-27,7508.52,152.62,117.1292
2019-11-28,7419.49,150.72,
2019-11-29,7739.68,154.57,117.1218
2019-12-02,7294.28,148.65,116.9664
2019-12-03,7292.71,147.17,116.8916
2019-12-04,7194.32,145.38,116.6938
2019-12-05,7389.0,148.1,116.3857
2019-12-06,7527.47,148.45,116.5394
2019-12-09,7338.64,147.38,116.3296
2019-12-10,7224.13,145.56,116.2557
2019-12-11,7210.0,143.39,116.1492
2019-12-12,7198.08,144.87,115.8755
2019-12-13,7258.48,144.8,115.6976
2019-12-16,6891.72,132.73,115.5559
2019-12-17,6623.82,121.88,115.5561
2019-12-18,7277.83,132.78,115.6627
2019-12-19,7150.3,128.1,115.5997
2019-12-20,7187.83,128.19,115.7604
2019-12-23,7317.09,127.8,115.8066
2019-12-24,7255.77,127.75,
2019-12-25,7204.63,125.09,
2019-12-26,7202.0,125.58,115.6347
2019-12-27,7254.74,126.29,115.2207
2019-12-30,7246.0,131.59,114.9639
2019-12-31,7195.23,129.16,114.6697
2020-01-01,7200.85,130.77,
2020-01-02,6965.71,127.19,114.9746
2020-01-03,7344.96,134.35,114.9862
2020-01-06,7758.0,144.15,114.9552
2020-01-07,8145.28,142.8,115.1467
2020-01-08,8055.98,140.72,115.1318
2020-01-09,7817.76,137.74,115.2325
2020-01-10,8197.02,144.84,115.0671
2020-01-13,8110.34,143.58,115.0337
2020-01-14,8810.01,165.64,115.0233
2020-01-15,8821.41,166.4,114.9526
2020-01-16,8720.01,164.21,114.9999
2020-01-17,8913.28,169.85,115.0642
2020-01-20,8642.35,166.87,
2020-01-21,8736.03,169.49,115.1865
2020-01-22,8682.36,168.07,115.2264
2020-01-23,8404.52,162.81,115.5537
2020-01-24,8439.0,162.54,115.5545
2020-01-27,8907.57,170.08,115.7994
2020-01-28,9374.21,175.64,115.7226
2020-01-29,9301.53,173.72,115.6986
2020-01-30,9513.21,184.69,115.8065
2020-01-31,9352.89,179.99,115.7342
2020-02-03,9292.24,189.69,116.1176
2020-02-04,9197.02,188.91,115.929
2020-02-05,9612.04,203.78,116.0082
2020-02-06,9772.0,213.19,116.1508
2020-02-07,9813.73,223.33,116.5075
2020-02-10,9851.83,222.89,116.5701
2020-02-11,10223.08,236.69,116.3572
2020-02-12,10326.46,265.74,116.2777
2020-02-13,10229.63,268.32,116.398
2020-02-14,10344.36,285.15,116.42
2020-02-17,9706.0,267.85,
2020-02-18,10164.71,282.61,116.6016
2020-02-19,9593.79,258.45,116.7802
2020-02-20,9596.42,256.96,117.2434
2020-02-21,9677.05,265.27,117.0456
2020-02-24,9656.13,265.52,117.401
2020-02-25,9315.84,246.67,117.2417
2020-02-26,8785.25,223.93,117.4048
2020-02-27,8823.21,227.79,117.3686
2020-02-28,8692.91,226.76,117.6573
2020-03-02,8915.24,231.97,116.8148
2020-03-03,8760.07,223.91,116.4958
2020-03-04,8750.87,224.26,116.7799
2020-03-05,9054.68,228.38,116.7913
2020-03-06,9131.88,244.88,116.7132
2020-03-09,7929.87,202.81,117.1927
2020-03-10,7894.56,200.7,117.9082
2020-03-11,7934.52,194.61,118.2564
2020-03-12,4800.0,107.82,120.4945
2020-03-13,5578.6,134.06,120.4439
2020-03-16,5028.97,111.02,120.9417
2020-03-17,5312.64,115.67,122.4875
2020-03-18,5393.04,118.11,124.1693
2020-03-19,6162.37,136.3,125.0662
2020-03-20,6208.36,133.48,124.9425
2020-03-23,6467.31,135.92,126.1342
2020-03-24,6744.72,138.42,125.5092
2020-03-25,6677.43,136.1,124.7995
2020-03-26,6737.36,138.4,122.4384
2020-03-27,6359.11,131.33,122.4097
2020-03-30,6394.38,132.06,123.2997
2020-03-31,6410.44,132.72,122.5394
2020-04-01,6642.92,135.69,123.8033
2020-04-02,6794.09,141.28,123.5994
2020-04-03,6734.1,141.31,124.4237
2020-04-06,7329.9,171.32,124.1692
2020-04-07,7197.32,164.63,123.1038
2020-04-08,7361.28,173.11,123.2299
2020-04-09,7283.54,169.52,122.4834
2020-04-10,6858.92,157.81,122.1668
2020-04-13,6837.91,156.29,122.5282
2020-04-14,6868.7,158.45,122.1204
2020-04-15,6621.24,152.73,123.084
2020-04-16,7101.94,172.29,123.4698
2020-04-17,7027.55,170.69,122.8791
2020-04-20,6826.83,170.2,123.1121
2020-04-21,6841.37,170.74,123.9207
2020-04-22,7125.14,182.7,123.9354
2020-04-23,7482.39,185.51,123.7645
2020-04-24,7505.0,187.59,124.172
2020-04-27,7774.62,196.34,123.8954
2020-04-28,7738.98,196.24,123.3794
2020-04-29,8778.57,215.36,122.7877
2020-04-30,8620.0,206.08,122.3375
2020-05-01,8826.96,212.02,123.1615
2020-05-04,8871.96,206.48,123.2224
2020-05-05,9021.83,205.29,122.8117
2020-05-06,9142.92,198.97,123.6188
2020-05-07,9986.4,212.0,123.1339
2020-05-08,9800.01,211.31,122.5465
2020-05-11,8561.52,185.73,123.2423
2020-05-12,8810.79,189.76,123.0694
2020-05-13,9309.37,199.58,123.5512
2020-05-14,9791.98,203.29,123.6524
2020-05-15,9316.42,194.86,123.608
2020-05-18,9733.93,214.91,122.8055
2020-05-19,9775.53,214.58,122.5744
2020-05-20,9511.43,209.98,122.1093
2020-05-21,9068.65,198.74,122.099
2020-05-22,9170.0,207.36,122.3278
2020-05-25,8900.35,204.15,
2020-05-26,8841.18,200.89,121.3933
2020-05-27,9204.07,208.29,121.5741
2020-05-28,9575.89,220.21,121.0207
2020-05-29,9427.07,220.67,120.953
2020-06-01,10200.77,248.23,120.2753
2020-06-02,9518.04,237.71,119.692
2020-06-03,9666.24,244.52,119.2625
2020-06-04,9789.06,243.21,119.3094
2020-06-05,9621.16,240.03,118.8202
2020-06-08,9782.01,246.4,118.6687
2020-06-09,9772.43,243.8,118.5967
2020-06-10,9885.0,247.78,118.5307
2020-06-11,9280.4,230.51,119.2435
2020-06-12,9465.13,237.55,119.6719
2020-06-15,9426.02,230.86,119.9622
2020-06-16,9525.59,235.3,119.5744
2020-06-17,9465.14,233.82,119.918
2020-06-18,9386.32,231.27,120.2252
2020-06-19,9310.23,229.0,120.226
2020-06-22,9685.69,243.13,119.7613
2020-06-23,9624.89,243.14,119.3372
2020-06-24,9296.49,234.58,119.9834
2020-06-25,9249.49,232.5,120.3089
2020-06-26,9162.21,229.64,120.5425
2020-06-29,9192.56,227.93,120.6757
2020-06-30,9138.55,225.6,120.4746
2020-07-01,9232.0,230.99,120.0902
2020-07-02,9086.54,226.46,119.8648
2020-07-03,9058.26,224.87,
2020-07-06,9344.2,241.6,119.2941
2020-07-07,9257.39,239.39,119.5814
2020-07-08,9436.06,246.95,119.5625
2020-07-09,9232.43,241.98,119.5221
2020-07-10,9288.34,241.26,119.3601
2020-07-13,9242.62,239.5,119.1984
2020-07-14,9255.85,240.44,119.3999
2020-07-15,9197.6,238.61,119.0423
2020-07-16,9133.72,233.57,118.9368
2020-07-17,9154.32,232.67,119.134
2020-07-20,9160.78,236.01,119.0588
2020-07-21,9390.0,245.59,118.4145
2020-07-22,9518.16,263.74,118.1446
2020-07-23,9603.27,275.3,118.0724
2020-07-24,9537.8,279.15,118.1445
2020-07-27,11029.96,321.93,117.3982
2020-07-28,10906.27,316.77,117.3301
2020-07-29,11100.53,317.71,117.2242
2020-07-30,11099.61,334.87,117.4133
2020-07-31,11335.46,346.33,117.2208
2020-08-03,11219.81,385.94,117.8199
2020-08-04,11191.97,389.61,117.7962
2020-08-05,11744.91,400.72,116.8865
2020-08-06,11762.46,394.77,117.055
2020-08-07,11594.23,379.34,117.6365
2020-08-10,11892.92,395.44,117.5946
2020-08-11,11392.08,379.0,117.3902
2020-08-12,11564.33,387.18,117.2679
2020-08-13,11780.0,424.54,117.1313
2020-08-14,11760.54,438.11,116.9512
2020-08-17,12281.13,430.89,116.7609
2020-08-18,11945.01,421.95,116.5722
2020-08-19,11754.59,407.46,116.5789
2020-08-20,11853.55,415.94,116.8243
2020-08-21,11531.34,387.97,117.0682
2020-08-24,11748.2,407.68,116.9238
2020-08-25,11318.42,382.93,116.8324
2020-08-26,11461.43,385.81,116.6358
2020-08-27,11330.38,383.27,116.6614
2020-08-28,11526.91,395.11,115.9506
2020-08-31,11649.51,433.79,115.7717
2020-09-01,11921.97,475.4,115.5814
2020-09-02,11388.54,439.5,116.0423
2020-09-03,10140.85,381.4,116.0799
2020-09-04,10446.25,385.26,116.0457
2020-09-07,10373.44,353.59,
2020-09-08,10126.65,337.39,116.4725
2020-09-09,10219.2,350.85,116.1396
2020-09-10,10336.87,367.93,115.8906
2020-09-11,10387.89,373.63,116.0963
2020-09-14,10671.77,377.12,115.6523
2020-09-15,10785.31,364.06,115.5996
2020-09-16,10954.01,365.11,115.3623
2020-09-17,10939.99,389.36,115.4476
2020-09-18,10933.39,384.39,115.248
2020-09-21,10417.22,340.36,116.3873
2020-09-22,10529.61,344.21,116.5529
2020-09-23,10241.46,320.72,117.2631
2020-09-24,10736.32,348.97,117.5578
2020-09-25,10686.67,351.92,117.8786
2020-09-28,10696.12,353.96,117.629
2020-09-29,10840.48,359.79,117.5379
2020-09-30,10776.59,359.83,116.957
2020-10-01,10619.13,352.85,116.7339
2020-10-02,10570.4,345.6,116.7424
2020-10-05,10792.21,353.62,116.187
2020-10-06,10599.66,340.75,116.2781
2020-10-07,10666.39,341.58,116.3548
2020-10-08,10925.57,350.95,116.1753
2020-10-09,11050.64,365.02,115.2843
2020-10-12,11528.25,386.51,
2020-10-13,11420.56,381.04,115.9193
2020-10-14,11417.89,378.69,115.6959
2020-10-15,11505.12,377.64,116.1046
2020-10-16,11319.32,365.5,115.7754
2020-10-19,11751.47,379.3,115.4109
2020-10-20,11909.99,368.52,115.2558
2020-10-21,12780.96,390.38,114.9185
2020-10-22,12968.52,413.98,115.1234
2020-10-23,12923.07,409.11,115.0198
2020-10-26,13052.19,392.52,115.2872
2020-10-27,13636.17,403.45,115.0206
2020-10-28,13266.4,388.23,115.8099
2020-10-29,13455.7,387.13,116.3138
2020-10-30,13560.1,382.49,116.1417
2020-11-02,13549.37,383.02,116.2425
2020-11-03,14023.53,387.88,115.4864
2020-11-04,14144.01,402.49,115.1733
2020-11-05,15590.02,416.69,114.4615
2020-11-06,15579.92,455.91,113.9977
2020-11-09,15328.41,444.32,114.0942
2020-11-10,15297.21,450.34,114.0802
2020-11-11,15684.24,463.09,
2020-11-12,16291.86,462.39,114.2889
2020-11-13,16320.7,476.43,114.2445
2020-11-16,16713.57,460.55,113.8356
2020-11-17,17659.38,482.15,113.6864
2020-11-18,17776.12,478.41,113.4645
2020-11-19,17802.82,471.25,113.6982
2020-11-20,18655.67,510.12,113.4932
2020-11-23,18368.0,608.58,113.759
2020-11-24,19160.01,604.97,113.4361
2020-11-25,18719.11,569.5,113.1871
2020-11-26,17149.47,519.83,
2020-11-27,17139.52,518.68,
2020-11-30,19695.87,616.66,113.2308
2020-12-01,18764.96,585.26,112.8122
2020-12-02,19204.09,596.89,112.6174
2020-12-03,19421.9,615.85,112.0293
2020-12-04,18650.52,567.24,111.7826
2020-12-07,19166.9,591.28,111.8431
2020-12-08,18324.11,554.94,111.8684
2020-12-09,18541.28,573.09,112.0353
2020-12-10,18254.63,558.99,111.9839
2020-12-11,18036.53,544.43,112.1469
2020-12-14,19273.14,586.29,112.177
2020-12-15,19426.43,588.64,111.866
2020-12-16,21335.52,637.18,111.7215
2020-12-17,22797.16,642.7,111.2286
2020-12-18,23107.39,653.85,111.6136
2020-12-21,22719.71,607.58,111.9477
2020-12-22,23810.79,636.45,112.201
2020-12-23,23232.76,585.56,111.9873
2020-12-24,23729.2,612.31,
2020-12-25,24712.47,626.82,
2020-12-28,27079.41,730.41,111.9821
2020-12-29,27385.0,732.0,111.524
2020-12-30,28875.54,752.17,111.3156
2020-12-31,28923.63,736.42,111.324
2021-01-01,29331.69,728.91,
2021-01-04,31988.71,1041.43,111.2143
2021-01-05,33949.53,1099.56,110.9649
2021-01-06,36769.36,1208.42,110.8573
2021-01-07,39432.28,1224.87,111.3124
2021-01-08,40582.81,1216.93,111.293
2021-01-11,35404.47,1087.01,111.8342
2021-01-12,34051.24,1050.16,111.5584
2021-01-13,37371.38,1129.89,111.3702
2021-01-14,39144.5,1231.62,111.1639
2021-01-15,36742.22,1168.53,111.5168
2021-01-18,36631.27,1258.45,
2021-01-19,35891.49,1365.36,111.4591
2021-01-20,35468.23,1376.99,
2021-01-21,30850.13,1110.96,111.2044
2021-01-22,32945.17,1232.62,111.5602
2021-01-25,32254.2,1317.88,111.8767
2021-01-26,32467.77,1365.97,111.6661
2021-01-27,30366.15,1239.03,112.0876
2021-01-28,33364.86,1329.69,112.015
2021-01-29,34252.2,1379.5,111.9604
2021-02-01,33526.37,1374.17,112.4282
2021-02-02,35466.24,1511.87,112.2937
2021-02-03,37618.87,1664.49,112.2648
2021-02-04,36936.66,1595.67,112.756
2021-02-05,38290.24,1719.19,112.2463
2021-02-08,46374.87,1750.15,112.0512
2021-02-09,46420.42,1769.13,111.7768
2021-02-10,44807.58,1740.78,111.5929
2021-02-11,47969.51,1785.62,111.5364
2021-02-12,47287.6,1840.26,111.4981
2021-02-15,47911.1,1779.25,
2021-02-16,49133.45,1781.99,111.7984
2021-02-17,52119.71,1849.88,112.03
2021-02-18,51552.6,1939.61,112.1718
2021-02-19,55906.0,1955.0,111.7179
2021-02-22,54087.67,1777.58,111.9316
2021-02-23,48891.0,1577.89,111.911
2021-02-24,49676.2,1623.39,111.7339
2021-02-25,47073.73,1481.75,111.9402
2021-02-26,46276.87,1444.59,112.8433
2021-03-01,49587.03,1569.86,112.538
2021-03-02,48440.65,1486.78,112.5472
2021-03-03,50349.37,1567.69,112.7761
2021-03-04,48374.09,1539.23,112.717
2021-03-05,48751.71,1528.31,113.7626
2021-03-08,52375.17,1833.18,114.2824
2021-03-09,54884.5,1870.51,113.9431
2021-03-10,55851.59,1795.12,113.6015
2021-03-11,57773.16,1825.78,112.9345
2021-03-12,57221.72,1766.1,113.0403
2021-03-15,55605.2,1793.48,113.2065
2021-03-16,56900.75,1805.12,112.997
2021-03-17,58912.97,1823.58,113.1726
2021-03-18,57648.16,1776.08,112.7872
2021-03-19,58030.01,1809.1,112.9877
2021-03-22,54083.25,1680.97,113.0154
2021-03-23,54340.89,1668.08,113.3038
2021-03-24,52303.65,1581.84,113.669
2021-03-25,51293.78,1585.74,114.014
2021-03-26,55025.59,1698.84,113.7532
2021-03-29,57635.47,1816.74,113.9447
2021-03-30,58746.57,1840.46,114.2152
2021-03-31,58740.55,1919.37,113.8351
2021-04-01,58720.44,1968.05,113.7504
2021-04-02,58950.01,2133.69,113.7429
2021-04-05,59129.99,2107.38,113.406
2021-04-06,57991.15,2112.21,113.1575
2021-04-07,55953.45,1963.47,113.254
2021-04-08,58077.52,2080.46,113.1015
2021-04-09,58142.54,2066.87,113.2132
2021-04-12,59860.0,2137.69,113.1916
2021-04-13,63575.0,2299.19,113.0489
2021-04-14,62959.53,2432.6,112.7951
2021-04-15,63159.98,2514.04,112.6274
2021-04-16,61334.8,2422.67,112.4913
2021-04-19,55633.14,2161.12,112.1929
2021-04-20,56425.0,2330.03,112.2444
2021-04-21,53787.63,2357.06,112.1862
2021-04-22,51690.96,2397.94,112.2385
2021-04-23,51125.14,2367.39,112.0981
2021-04-26,54001.39,2532.6,111.8207
2021-04-27,55011.97,2666.13,111.9203
2021-04-28,54846.22,2748.24,111.8015
2021-04-29,53555.0,2757.04,111.7583
2021-04-30,57694.27,2772.42,112.0959
2021-05-03,57169.39,3431.04,112.0176
2021-05-04,53200.01,3239.01,112.3021
2021-05-05,57436.11,3524.26,112.1639
2021-05-06,56393.68,3489.73,111.8525
2021-05-07,57314.75,3479.53,111.0372
2021-05-10,55816.14,3945.88,110.803
2021-05-11,56670.02,4173.45,110.904
2021-05-12,49631.32,3823.21,111.5762
2021-05-13,49670.97,3717.91,111.6079
2021-05-14,49841.45,4075.01,111.1476
2021-05-17,43538.04,3282.51,111.0913
2021-05-18,42849.78,3375.07,110.8446
2021-05-19,36690.09,2438.92,110.8933
2021-05-20,40526.64,2768.62,110.8741
2021-05-21,37252.01,2430.98,111.0714
2021-05-24,38796.29,2648.43,110.9254
2021-05-25,38324.72,2705.11,110.8557
2021-05-26,39241.91,2884.94,110.8814
2021-05-27,38529.98,2742.23,110.8829
2021-05-28,35663.49,2412.1,110.7711
2021-05-31,37253.81,2706.15,
2021-06-01,36693.09,2634.57,110.5179
2021-06-02,37568.68,2706.22,110.5924
2021-06-03,39246.79,2857.25,111.1905
2021-06-04,36829.0,2689.51,110.7645
2021-06-07,33552.79,2592.05,110.5275
2021-06-08,33380.81,2507.23,110.6608
2021-06-09,37388.05,2610.18,110.582
2021-06-10,36675.72,2471.09,110.557
2021-06-11,37331.98,2354.01,111.1052
2021-06-14,40516.29,2580.77,110.9779
2021-06-15,40144.04,2543.54,111.3634
2021-06-16,38349.01,2367.89,111.1287
2021-06-17,38092.97,2373.28,112.5881
2021-06-18,35819.84,2234.09,113.0517
2021-06-21,31608.93,1885.49,112.8506
2021-06-22,32509.56,1879.28,112.929
2021-06-23,33678.07,1968.14,112.3931
2021-06-24,34663.09,1989.52,112.3357
2021-06-25,31584.45,1808.82,111.9742
2021-06-28,34494.89,2084.41,112.033
2021-06-29,35911.73,2165.33,112.2692
2021-06-30,35045.0,2275.68,112.5613
2021-07-01,33504.69,2106.41,112.7484
2021-07-02,33786.55,2154.13,112.5507
2021-07-05,33690.14,2196.53,
2021-07-06,34220.01,2322.5,112.9602
2021-07-07,33862.12,2316.57,113.1136
2021-07-08,32875.71,2116.33,113.0863
2021-07-09,33815.81,2146.99,112.8468
2021-07-12,33086.63,2031.58,112.7701
2021-07-13,32729.77,1940.15,113.0153
2021-07-14,32820.02,1994.58,112.8885
2021-07-15,31880.0,1919.51,113.0122
2021-07-16,31383.87,1876.26,113.0504
2021-07-19,30839.65,1818.73,113.5547
2021-07-20,29790.35,1786.03,113.7582
2021-07-21,32144.51,1995.5,113.4018
2021-07-22,32287.83,2024.56,113.4788
2021-07-23,33634.09,2124.25,113.4486
2021-07-26,37237.6,2228.08,113.2335
2021-07-27,39457.87,2299.49,113.2321
2021-07-28,40019.56,2300.9,113.1899
2021-07-29,40016.48,2382.92,112.4927
2021-07-30,42206.37,2461.81,112.6808
2021-08-02,39147.82,2606.93,112.6784
2021-08-03,38207.05,2509.04,112.8331
2021-08-04,39723.18,2724.78,112.906
2021-08-05,40862.46,2826.99,112.778
2021-08-06,42836.87,2891.58,113.3192
2021-08-09,46253.4,3160.52,113.4625
2021-08-10,45584.99,3141.66,113.5072
2021-08-11,45511.0,3160.5,113.2917
2021-08-12,44399.0,3045.96,113.278
2021-08-13,47800.0,3322.32,113.0708
2021-08-16,45901.29,3146.53,113.179
2021-08-17,44695.95,3011.72,113.6263
2021-08-18,44705.29,3014.55,113.705
2021-08-19,46760.62,3184.12,114.1195
2021-08-20,49322.47,3284.82,114.5108
2021-08-23,49488.85,3321.28,113.9526
2021-08-24,47674.01,3170.62,113.6899
2021-08-25,48973.32,3226.87,113.6424
2021-08-26,46843.87,3093.2,113.7986
2021-08-27,49069.9,3273.45,113.3511
2021-08-30,46982.91,3229.64,113.256
2021-08-31,47100.89,3429.2,113.1175
2021-09-01,48810.52,3826.82,112.8832
2021-09-02,49246.64,3785.82,112.7966
2021-09-03,49999.14,3938.11,112.558
2021-09-06,52663.9,3926.77,
2021-09-07,46863.73,3434.57,112.9892
2021-09-08,46048.31,3499.0,113.2414
2021-09-09,46395.14,3424.93,113.053
2021-09-10,44850.91,3208.86,112.9519
2021-09-13,44940.73,3285.35,113.0432
2021-09-14,47111.52,3434.37,113.0151
2021-09-15,48121.41,3613.55,112.9862
2021-09-16,47737.82,3567.98,113.3122
2021-09-17,47299.98,3399.81,113.6074
2021-09-20,43015.62,2977.28,113.9511
2021-09-21,40734.38,2765.9,113.8266
2021-09-22,43543.61,3076.92,113.631
2021-09-23,44865.26,3152.5,113.5224
2021-09-24,42810.57,2928.53,113.7694
2021-09-27,42147.35,2925.59,113.7532
2021-09-28,41026.54,2804.91,114.2571
2021-09-29,41524.28,2850.45,114.7191
2021-09-30,43824.1,3000.61,114.6504
2021-10-01,48141.61,3309.91,114.3899
2021-10-04,49224.94,3386.31,114.2847
2021-10-05,51471.99,3515.27,114.3767
2021-10-06,55315.0,3574.89,114.7292
2021-10-07,53785.22,3587.47,114.5156
2021-10-08,53951.43,3563.13,114.6108
2021-10-11,57471.35,3542.12,
2021-10-12,55996.93,3491.46,114.7667
2021-10-13,57367.0,3607.42,114.4827
2021-10-14,57347.94,3790.82,114.2181
2021-10-15,61672.42,3868.99,114.1033
2021-10-18,62009.84,3744.96,114.0022
2021-10-19,64280.59,3877.03,113.6595
2021-10-20,66001.41,4161.15,113.521
2021-10-21,62193.15,4052.99,113.6322
2021-10-22,60688.22,3972.2,113.6828
2021-10-25,63078.78,4220.37,113.6172
2021-10-26,60328.81,4131.52,113.6863
2021-10-27,58413.44,3922.0,113.6342
2021-10-28,60575.89,4286.02,113.453
2021-10-29,62253.71,4418.89,114.149
2021-11-01,60911.11,4319.43,114.2231
2021-11-02,63219.99,4589.89,114.2997
2021-11-03,62896.48,4603.35,114.3754
2021-11-04,61395.01,4532.32,114.37
2021-11-05,60937.12,4474.24,114.0865
2021-11-08,67525.83,4807.98,113.8391
2021-11-09,66947.66,4732.33,113.7746
2021-11-10,64882.43,4628.78,114.1611
2021-11-11,64774.26,4719.0,
2021-11-12,64122.23,4665.46,114.5263
2021-11-15,63606.74,4563.78,114.6003
2021-11-16,60058.87,4209.76,115.149
2021-11-17,60344.87,4287.8,115.039
2021-11-18,56891.62,3996.9,115.0811
2021-11-19,58052.24,4294.76,115.2318
2021-11-22,56247.18,4085.97,115.6615
2021-11-23,57541.27,4339.44,116.026
2021-11-24,57138.29,4269.36,116.2855
2021-11-25,58960.36,4524.85,
2021-11-26,53726.53,4041.2,116.5259
2021-11-29,57776.25,4444.53,116.596
2021-11-30,56950.56,4630.26,116.2206
2021-12-01,57184.07,4582.95,115.9026
2021-12-02,56480.34,4511.21,116.0313
2021-12-03,53601.05,4215.73,116.2511
2021-12-06,50441.92,4347.59,116.1663
2021-12-07,50588.95,4306.4,115.8676
2021-12-08,50471.19,4436.91,115.4541
2021-12-09,47545.59,4105.64,115.7904
2021-12-10,47140.54,3897.94,115.5852
2021-12-13,46702.75,3781.93,115.8538
2021-12-14,48343.28,3858.99,116.252
2021-12-15,48864.98,4019.08,116.4342
2021-12-16,47632.38,3958.11,115.7267
2021-12-17,46131.2,3875.42,115.8022
2021-12-20,46914.16,3944.73,116.0206
2021-12-21,48889.88,4014.15,116.1208
2021-12-22,48588.16,3979.51,115.7612
2021-12-23,50838.81,4111.41,115.5469
2021-12-24,50820.0,4046.36,
2021-12-27,50701.44,4037.23,115.4821
2021-12-28,47543.74,3792.75,115.4327
2021-12-29,46464.66,3630.19,115.3819
2021-12-30,47120.87,3709.27,115.2969
2021-12-31,46216.93,3676.23,
2022-01-03,46446.1,3765.89,115.4243
2022-01-04,45832.01,3785.11,115.3263
2022-01-05,43451.13,3540.63,115.1524
2022-01-06,43082.31,3406.81,115.4189
2022-01-07,41566.48,3199.24,115.0596
2022-01-10,41822.49,3082.68,115.235
2022-01-11,42729.29,3239.72,114.8467
2022-01-12,43902.66,3371.26,114.3713
2022-01-13,42560.11,3240.61,114.1934
2022-01-14,43059.96,3307.42,114.3968
2022-01-17,42201.62,3209.67,
2022-01-18,42352.12,3159.85,114.7513
2022-01-19,41660.01,3084.02,114.6254
2022-01-20,40680.91,3001.48,114.4779
2022-01-21,36445.31,2568.15,114.6261
2022-01-24,36660.35,2439.29,115.2165
2022-01-25,36958.32,2458.83,115.1779
2022-01-26,36809.34,2462.99,115.1044
2022-01-27,37160.1,2424.25,115.9874
2022-01-28,37716.56,2544.99,116.049
2022-01-31,38466.9,2686.94,115.5742
2022-02-01,38694.59,2787.23,115.3775
2022-02-02,36896.36,2680.67,115.1643
2022-02-03,37311.61,2695.46,114.9175
2022-02-04,41574.25,2994.99,115.1473
2022-02-07,43839.99,3139.77,115.0209
2022-02-08,44042.99,3116.69,115.0999
2022-02-09,44372.72,3243.94,114.8329
2022-02-10,43495.44,3072.49,114.5618
2022-02-11,42373.73,2927.54,114.8489
2022-02-14,42535.94,2929.75,115.2008
2022-02-15,44544.86,3183.52,114.9357
2022-02-16,43873.56,3122.3,114.6954
2022-02-17,40515.7,2891.87,114.682
2022-02-18,39974.44,2779.48,114.8036
2022-02-21,37008.16,2568.02,
2022-02-22,38230.33,2636.29,114.7054
2022-02-23,37250.01,2579.71,114.6718
2022-02-24,38327.21,2596.2,115.9478
2022-02-25,39219.17,2768.49,115.2633
2022-02-28,43160.0,2920.95,115.2317
2022-03-01,44421.2,2976.33,115.8062
2022-03-02,43892.98,2947.3,115.7727
2022-03-03,42454.0,2833.99,115.9592
2022-03-04,39148.66,2622.1,116.661
2022-03-07,37988.0,2491.12,117.3406
2022-03-08,38730.63,2575.97,117.6281
2022-03-09,41941.71,2726.98,116.6057
2022-03-10,39422.0,2606.7,116.75
2022-03-11,38729.57,2556.86,117.0294
2022-03-14,39671.37,2589.41,117.1594
2022-03-15,39280.33,2617.73,117.2533
2022-03-16,41114.0,2773.81,116.8135
2022-03-17,40917.9,2811.92,116.0544
2022-03-18,41757.51,2938.92,116.1447
2022-03-21,41002.25,2890.03,115.9467
2022-03-22,42364.13,2969.64,116.0888
2022-03-23,42882.76,3036.0,116.0101
2022-03-24,43991.46,3110.76,115.9651
2022-03-25,44313.16,3102.14,115.7953
2022-03-28,47122.21,3332.92,116.1953
2022-03-29,47434.8,3400.51,115.572
2022-03-30,47067.99,3385.79,115.0857
2022-03-31,45510.34,3281.51,115.2254
2022-04-01,46283.49,3455.21,115.4835
2022-04-04,46580.51,3519.5,115.4121
2022-04-05,45497.55,3406.99,115.7328
2022-04-06,43170.47,3168.51,116.002
2022-04-07,43444.19,3227.19,116.3541
2022-04-08,42252.01,3192.39,116.42
2022-04-11,39530.45,2979.74,116.5423
2022-04-12,40074.94,3027.66,116.387
2022-04-13,41147.79,3118.28,116.2793
2022-04-14,39942.38,3021.98,116.7552
2022-04-15,40551.9,3040.56,116.7011
2022-04-18,40801.13,3055.56,116.8427
2022-04-19,41493.18,3101.77,117.1322
2022-04-20,41358.19,3076.04,116.7325
2022-04-21,40480.01,2983.58,117.1454
2022-04-22,39709.18,2962.39,118.0205
2022-04-25,40426.08,3006.62,118.6298
2022-04-26,38112.65,2809.67,118.9658
2022-04-27,39235.72,2888.96,119.472
2022-04-28,39742.07,2936.93,120.0703
2022-04-29,38596.11,2817.13,119.4936
2022-05-02,38525.16,2856.54,119.8827
2022-05-03,37728.95,2781.7,119.7037
2022-05-04,39690.0,2940.64,119.5567
2022-05-05,36552.97,2747.97,120.0043
2022-05-06,36013.77,2692.85,119.8544
2022-05-09,30076.31,2228.55,120.4949
2022-05-10,31017.1,2342.05,120.7716
2022-05-11,29103.94,2084.99,120.3896
2022-05-12,29029.75,1960.22,121.273
2022-05-13,29287.05,2009.69,120.8379
2022-05-16,29874.01,2023.66,120.6812
2022-05-17,30444.93,2090.72,119.8816
2022-05-18,28715.32,1915.11,120.022
2022-05-19,30319.23,2019.55,119.4244
2022-05-20,29201.01,1959.08,119.3617
2022-05-23,29109.15,1973.32,118.712
2022-05-24,29654.58,1979.41,118.6208
2022-05-25,29542.15,1942.63,118.9561
2022-05-26,29201.35,1792.23,118.7671
2022-05-27,28629.8,1727.27,118.2796
2022-05-30,31734.22,1998.78,
2022-05-31,31801.04,1941.9,118.0689
2022-06-01,29805.83,1817.95,118.6936
2022-06-02,30452.62,1834.08,118.0642
2022-06-03,29700.21,1775.12,118.2138
2022-06-06,31373.1,1859.84,118.3053
2022-06-07,31125.33,1813.33,118.4401
2022-06-08,30204.77,1791.88,118.3944
2022-06-09,30109.93,1788.81,118.9193
2022-06-10,29091.88,1662.91,119.9942
2022-06-13,22487.41,1209.82,121.1517
2022-06-14,22136.41,1208.9,121.6668
2022-06-15,22583.72,1237.52,121.6382
2022-06-16,20401.31,1068.5,120.6755
2022-06-17,20468.81,1086.94,121.2389
2022-06-20,20573.89,1128.24,
2022-06-21,20723.52,1125.85,120.646
2022-06-22,19987.99,1050.19,120.5232
2022-06-23,21110.13,1144.72,120.7646
2022-06-24,21237.69,1225.02,120.4897
2022-06-27,20742.56,1192.51,120.1789
2022-06-28,20281.29,1144.05,120.6254
2022-06-29,20123.01,1100.21,120.9689
2022-06-30,19942.21,1071.01,120.9718
2022-07-01,19279.8,1059.73,121.5123
2022-07-04,20236.71,1151.0,
2022-07-05,20175.83,1132.5,122.6276
2022-07-06,20564.51,1186.57,123.0165
2022-07-07,21624.98,1237.49,122.7336
2022-07-08,21594.75,1214.04,122.4724
2022-07-11,19963.61,1096.4,123.3062
2022-07-12,19328.75,1038.58,123.4612
2022-07-13,20234.87,1115.0,123.293
2022-07-14,20588.84,1193.42,124.0717
2022-07-15,20830.04,1231.25,123.4842
2022-07-18,22432.58,1581.04,122.78
2022-07-19,23396.62,1542.32,122.4922
2022-07-20,23223.3,1521.58,122.6096
2022-07-21,23152.19,1575.45,122.9169
2022-07-22,22684.83,1535.27,122.4643
2022-07-25,21310.9,1440.79,122.4721
2022-07-26,21254.67,1449.12,122.7698
2022-07-27,22952.45,1635.74,122.8281
2022-07-28,23842.93,1724.52,122.1267
2022-07-29,23773.75,1721.68,121.7793
2022-08-01,23268.01,1630.28,121.4218
2022-08-02,22987.79,1630.91,121.9609
2022-08-03,22818.37,1618.16,122.4002
2022-08-04,22622.98,1607.96,121.8436
2022-08-05,23312.42,1736.81,122.33
2022-08-08,23810.0,1777.05,121.8887
2022-08-09,23149.95,1702.76,121.8719
2022-08-10,23954.05,1853.57,120.7648
2022-08-11,23934.39,1880.19,120.7281
2022-08-12,24403.68,1958.28,121.0272
2022-08-15,24094.82,1899.06,121.4382
2022-08-16,23854.74,1876.67,121.6889
2022-08-17,23342.66,1834.25,122.0802
2022-08-18,23191.2,1846.39,122.3722
2022-08-19,20834.39,1609.01,123.0596
2022-08-22,21399.83,1624.66,123.6123
2022-08-23,21529.12,1665.41,123.0617
2022-08-24,21368.08,1656.56,123.1136
2022-08-25,21559.04,1695.11,123.0645
2022-08-26,20241.05,1508.18,123.0709
2022-08-29,20285.73,1551.8,123.4739
2022-08-30,19811.66,1524.59,123.6893
2022-08-31,20050.02,1554.1,123.5407
2022-09-01,20131.46,1586.16,124.4045
2022-09-02,19951.86,1575.35,123.7771
2022-09-05,19796.84,1617.8,
2022-09-06,18790.61,1559.01,124.7719
2022-09-07,19292.84,1630.0,124.8457
2022-09-08,19319.77,1635.37,124.584
2022-09-09,21360.11,1718.23,123.7954
2022-09-12,22395.74,1716.37,123.3441
2022-09-13,20173.57,1574.4,124.4342
2022-09-14,20226.71,1638.39,124.4593
2022-09-15,19701.88,1472.75,124.8944
2022-09-16,19803.3,1433.9,124.8879
2022-09-19,19537.02,1375.98,125.0177
2022-09-20,18875.0,1322.93,125.1324
2022-09-21,18461.36,1245.78,125.7464
2022-09-22,19401.63,1326.46,126.1668
2022-09-23,19289.91,1327.25,127.2867
2022-09-26,19227.82,1336.17,128.4544
2022-09-27,19079.13,1328.02,128.4399
2022-09-28,19412.82,1337.2,128.0937
2022-09-29,19591.51,1335.7,127.5463
2022-09-30,19422.61,1328.72,127.5159
2022-10-03,19629.08,1323.09,127.0793
2022-10-04,20337.82,1361.49,126.184
2022-10-05,20158.26,1352.2,126.863
2022-10-06,19960.67,1352.06,127.2481
2022-10-07,19530.09,1331.1,127.3093
2022-10-10,19131.87,1290.03,
2022-10-11,19060.0,1280.11,127.6614
2022-10-12,19155.53,1294.44,128.1456
2022-10-13,19375.13,1287.08,127.7276
2022-10-14,19176.93,1296.27,128.3303
2022-10-17,19549.86,1331.4,127.6478
2022-10-18,19327.44,1310.71,127.9184
2022-10-19,19123.97,1285.09,128.3992
2022-10-20,19041.92,1282.57,128.0084
2022-10-21,19164.37,1299.75,127.6758
2022-10-24,19329.72,1343.61,128.0351
2022-10-25,20080.07,1459.74,127.384
2022-10-26,20771.59,1566.1,126.481
2022-10-27,20295.11,1514.05,126.7102
2022-10-28,20591.84,1554.41,127.2196
2022-10-31,20490.74,1572.69,127.6272
2022-11-01,20483.62,1578.48,127.4011
2022-11-02,20151.84,1518.34,127.3138
2022-11-03,20207.82,1531.01,128.1712
2022-11-04,21148.52,1644.78,127.149
2022-11-07,20591.13,1568.1,126.3098
2022-11-08,18547.23,1334.77,125.64
2022-11-09,15922.81,1102.73,125.9926
2022-11-10,17601.15,1299.28,124.7142
2022-11-11,17070.31,1289.28,
2022-11-14,16619.46,1243.28,123.4425
2022-11-15,16900.57,1253.23,123.0534
2022-11-16,16662.76,1216.17,123.2964
2022-11-17,16692.56,1200.43,123.9929
2022-11-18,16700.45,1212.58,123.8678
2022-11-21,15781.29,1107.34,124.7143
2022-11-22,16226.94,1139.6,124.251
2022-11-23,16603.11,1184.52,123.7739
2022-11-24,16598.95,1203.73,
2022-11-25,16522.14,1199.3,123.3547
2022-11-28,16212.91,1167.77,123.6181
2022-11-29,16442.53,1216.49,123.6703
2022-11-30,17163.64,1294.46,123.5276
2022-12-01,16977.37,1276.41,122.0147
2022-12-02,17092.74,1295.59,122.0218
2022-12-05,16966.35,1259.41,122.6511
2022-12-06,17088.96,1271.32,123.0319
2022-12-07,16836.64,1231.18,122.7716
2022-12-08,17224.1,1280.18,122.4275
2022-12-09,17128.56,1263.1,122.4343
2022-12-12,17209.83,1275.4,122.7861
2022-12-13,17774.7,1320.69,121.8644
2022-12-14,17803.15,1307.44,121.8391
2022-12-15,17356.34,1266.54,122.5684
2022-12-16,16632.12,1166.83,122.6647
2022-12-19,16438.88,1167.82,122.5438
2022-12-20,16895.56,1216.94,122.1502
2022-12-21,16824.67,1213.78,122.2965
2022-12-22,16821.43,1217.71,122.2525
2022-12-23,16778.5,1219.99,121.9843
2022-12-26,16919.39,1228.11,
2022-12-27,16706.36,1211.55,121.767
2022-12-28,16547.31,1190.15,122.02
2022-12-29,16633.47,1200.49,121.6713
2022-12-30,16607.48,1199.99,121.4392
2023-01-02,16672.87,1214.0,
2023-01-03,16675.18,1214.55,122.0844
2023-01-04,16850.36,1256.9,121.5108
2023-01-05,16831.85,1251.24,122.0786
2023-01-06,16950.65,1269.14,121.0814
2023-01-09,17178.26,1320.39,120.1403
2023-01-10,17440.66,1335.62,120.234
2023-01-11,17943.26,1389.39,120.1445
2023-01-12,18846.62,1415.92,119.4108
2023-01-13,19930.01,1451.2,119.1422
2023-01-16,21185.65,1576.94,
2023-01-17,21134.81,1565.57,119.2186
2023-01-18,20677.47,1511.43,119.08
2023-01-19,21071.59,1551.09,119.6033
2023-01-20,22667.21,1658.52,119.3588
2023-01-23,22916.45,1626.29,119.1671
2023-01-24,22632.89,1555.97,119.1174
2023-01-25,23060.94,1611.94,118.995
2023-01-26,23009.65,1601.09,119.0472
2023-01-27,23074.16,1597.62,118.9521
2023-01-30,22826.15,1566.2,118.9079
2023-01-31,23125.13,1585.33,118.991
2023-02-01,23732.66,1641.68,118.6396
2023-02-02,23488.94,1643.12,118.349
2023-02-03,23431.9,1663.52,119.5014
2023-02-06,22762.52,1614.29,120.5116
2023-02-07,23240.46,1671.03,120.3298
2023-02-08,22963.0,1650.43,120.139
2023-02-09,21796.35,1545.35,119.9785
2023-02-10,21625.19,1513.06,120.1531
2023-02-13,21773.97,1505.24,120.0145
2023-02-14,22199.84,1555.71,119.9601
2023-02-15,24324.05,1674.92,120.4926
2023-02-16,23517.72,1637.84,120.5069
2023-02-17,24569.97,1693.87,120.6023
2023-02-20,24842.2,1703.27,
2023-02-21,24452.16,1659.76,120.678
2023-02-22,24182.21,1643.14,120.8969
2023-02-23,23940.2,1650.53,121.141
2023-02-24,23185.29,1607.8,121.6297
2023-02-27,23492.09,1633.45,121.4656
2023-02-28,23141.57,1605.23,121.4062
2023-03-01,23628.97,1665.22,120.6971
2023-03-02,23465.32,1647.86,121.1949
2023-03-03,22354.34,1569.45,120.8468
2023-03-06,22410.0,1565.84,120.5776
2023-03-07,22197.96,1561.96,121.531
2023-03-08,21705.44,1532.38,121.5222
2023-03-09,20362.22,1437.32,121.5225
2023-03-10,20150.69,1426.44,121.2963
2023-03-13,24113.48,1673.45,120.9157
2023-03-14,24670.41,1699.4,121.052
2023-03-15,24285.66,1649.96,122.1149
2023-03-16,24998.78,1673.73,121.751
2023-03-17,27395.13,1789.27,121.5923
2023-03-20,27717.01,1732.78,121.0637
2023-03-21,28105.47,1801.23,120.9535
2023-03-22,27250.97,1734.33,120.6883
2023-03-23,28295.41,1813.79,119.8174
2023-03-24,27454.47,1749.57,120.5106
2023-03-27,27124.91,1715.22,120.3239
2023-03-28,27261.07,1772.99,119.7987
2023-03-29,28348.6,1793.07,119.8223
2023-03-30,28028.53,1793.61,119.5103
2023-03-31,28465.36,1821.52,119.4611
2023-04-03,27800.0,1810.51,119.4342
2023-04-04,28165.47,1870.37,119.2641
2023-04-05,28170.01,1908.69,119.4068
2023-04-06,28033.82,1872.41,119.4229
2023-04-07,27906.33,1863.72,119.4673
2023-04-10,29637.34,1910.2,119.8962
2023-04-11,30200.42,1889.86,119.6409
2023-04-12,29888.07,1917.39,119.1341
2023-04-13,30373.84,2012.01,118.5376
2023-04-14,30466.93,2099.99,118.983
2023-04-17,29430.27,2074.0,119.3981
2023-04-18,30380.01,2103.5,119.2345
2023-04-19,28797.1,1933.73,119.4377
2023-04-20,28243.65,1942.98,119.2525
2023-04-21,27262.84,1848.78,119.4472
2023-04-24,27510.93,1841.84,119.3486
2023-04-25,28300.79,1866.1,119.7551
2023-04-26,28415.29,1866.01,119.4758
2023-04-27,29472.77,1908.68,119.5754
2023-04-28,29311.7,1890.94,119.376
2023-05-01,28068.26,1830.73,119.5845
2023-05-02,28669.86,1870.08,119.7514
2023-05-03,29026.16,1905.12,119.2773
2023-05-04,28838.16,1877.07,119.19
2023-05-05,29505.61,1993.3,118.7184
2023-05-08,27668.79,1847.56,118.7415
2023-05-09,27628.27,1846.52,118.984
2023-05-10,27598.75,1840.84,118.7561
2023-05-11,26968.62,1794.3,119.1902
2023-05-12,26795.01,1807.45,119.5206
2023-05-15,27162.14,1816.2,119.3288
2023-05-16,27033.84,1824.21,119.3567
2023-05-17,27405.61,1822.12,119.7849
2023-05-18,26821.28,1800.56,120.2642
2023-05-19,26880.26,1812.32,119.9479
2023-05-22,26849.27,1817.35,120.2609
2023-05-23,27219.61,1854.05,120.4913
2023-05-24,26329.01,1799.89,120.6481
2023-05-25,26473.79,1805.6,121.0126
2023-05-26,26705.92,1827.79,120.8022
2023-05-29,27736.4,1892.6,
2023-05-30,27694.4,1900.59,120.7387
2023-05-31,27210.35,1873.63,121.1527
2023-06-01,26817.93,1861.78,120.2628
2023-06-02,27242.59,1906.68,120.2102
2023-06-05,25728.2,1810.5,120.2175
2023-06-06,27230.08,1884.64,120.1906
2023-06-07,26339.34,1832.13,120.0893
2023-06-08,26498.61,1845.64,119.8069
2023-06-09,26477.81,1840.37,119.6781
2023-06-12,25905.19,1742.57,119.889
2023-06-13,25934.25,1740.12,119.4641
2023-06-14,25128.6,1650.95,119.0646
2023-06-15,25598.49,1666.96,118.8447
2023-06-16,26345.0,1717.92,118.7168
2023-06-19,26844.35,1737.11,
2023-06-20,28307.99,1791.99,119.2458
2023-06-21,29993.89,1889.11,119.0438
2023-06-22,29884.92,1872.01,119.074
2023-06-23,30688.5,1892.63,119.4584
2023-06-26,30267.99,1858.97,119.4123
2023-06-27,30692.44,1889.58,119.235
2023-06-28,30077.41,1828.02,119.6759
2023-06-29,30447.31,1851.99,119.8659
2023-06-30,30472.0,1933.79,119.7118
2023-07-03,31156.2,1955.54,119.5618
2023-07-04,30766.51,1936.2,
2023-07-05,30504.81,1910.36,119.6971
2023-07-06,29895.43,1846.17,120.1579
2023-07-07,30344.7,1870.91,119.4293
2023-07-10,30411.57,1880.4,119.3179
2023-07-11,30622.1,1878.3,119.0891
2023-07-12,30380.0,1871.82,118.0104
2023-07-13,31454.23,2004.49,117.5569
2023-07-14,30312.01,1937.83,117.4209
2023-07-17,30138.0,1911.2,117.5139
2023-07-18,29859.13,1897.21,117.4145
2023-07-19,29909.21,1888.63,117.745
2023-07-20,29800.0,1891.59,117.9615
2023-07-21,29901.72,1891.73,118.3072
2023-07-24,29176.5,1850.0,118.1812
2023-07-25,29228.91,1857.66,118.1978
2023-07-26,29351.96,1872.0,118.1097
2023-07-27,29222.78,1861.28,118.2497
2023-07-28,29314.14,1874.19,118.1429
2023-07-31,29232.25,1856.14,118.1738
2023-08-01,29705.99,1873.47,118.9156
2023-08-02,29186.01,1839.9,119.4622
2023-08-03,29193.64,1835.81,119.7123
2023-08-04,29113.99,1830.23,119.1684
2023-08-07,29211.06,1829.1,119.4297
2023-08-08,29770.42,1856.3,119.987
2023-08-09,29581.99,1855.35,119.8273
2023-08-10,29455.75,1852.47,119.5248
2023-08-11,29426.03,1848.84,119.9929
2023-08-14,29430.93,1845.5,120.4451
2023-08-15,29200.0,1828.98,120.5927
2023-08-16,28730.51,1807.81,120.7308
2023-08-17,26623.41,1681.49,120.8924
2023-08-18,26054.0,1661.59,120.7937
2023-08-21,26126.92,1667.55,120.8271
2023-08-22,26056.0,1634.99,120.7274
2023-08-23,26432.72,1679.61,120.4036
2023-08-24,26180.05,1661.16,120.5987
2023-08-25,26060.01,1653.8,120.8752
2023-08-28,26120.0,1653.08,120.687
2023-08-29,27716.34,1729.42,120.6383
2023-08-30,27299.99,1705.23,120.187
2023-08-31,25940.78,1645.76,120.5882
2023-09-01,25805.05,1629.12,121.1011
2023-09-04,25826.02,1630.51,
2023-09-05,25792.1,1634.45,121.7785
2023-09-06,25759.95,1633.15,122.2029
2023-09-07,26255.0,1648.11,122.2903
2023-09-08,25910.5,1636.44,122.2933
2023-09-11,25162.52,1551.85,121.6757
2023-09-12,25840.1,1592.97,121.6301
2023-09-13,26222.0,1607.62,121.3981
2023-09-14,26522.73,1626.47,121.5744
2023-09-15,26600.0,1641.29,121.5361
2023-09-18,26762.51,1636.66,121.5414
2023-09-19,27210.26,1643.12,121.5175
2023-09-20,27125.0,1622.26,121.32
2023-09-21,26568.08,1583.94,121.8972
2023-09-22,26580.14,1593.08,121.8735
2023-09-25,26304.81,1588.33,122.4445
2023-09-26,26221.67,1594.01,122.795
2023-09-27,26372.99,1598.64,123.2947
2023-09-28,27021.39,1652.99,122.8562
2023-09-29,26906.96,1667.45,122.6332
2023-10-02,27494.51,1662.4,123.3573
2023-10-03,27426.46,1656.88,124.0624
2023-10-04,27778.57,1646.58,123.8848
2023-10-05,27410.39,1611.79,124.1752
2023-10-06,27931.09,1645.03,123.6561
2023-10-09,27590.12,1580.13,
2023-10-10,27390.12,1567.63,123.2437
2023-10-11,26875.52,1566.87,123.092
2023-10-12,26759.63,1539.61,123.5087
2023-10-13,26862.0,1552.16,123.8788
2023-10-16,28500.78,1599.42,123.621
2023-10-17,28395.91,1565.01,123.4334
2023-10-18,28320.0,1563.44,124.1001
2023-10-19,28713.71,1566.57,124.0861
2023-10-20,29669.04,1603.89,123.9049
2023-10-23,33069.99,1765.46,123.5935
2023-10-24,33922.73,1784.98,123.9249
2023-10-25,34496.05,1787.15,124.069
2023-10-26,34151.66,1803.38,124.285
2023-10-27,33892.02,1779.4,123.9145
2023-10-30,34474.73,1809.04,123.7044
2023-10-31,34639.77,1814.67,124.1229
2023-11-01,35421.43,1846.99,124.0801
2023-11-02,34941.59,1800.8,123.1995
2023-11-03,34716.78,1832.71,122.1006
2023-11-06,35046.09,1900.95,121.9692
2023-11-07,35399.12,1885.27,122.3882
2023-11-08,35624.72,1888.12,122.4055
2023-11-09,36701.09,2121.32,122.4434
2023-11-10,37301.63,2077.72,
2023-11-13,36462.93,2053.65,122.7389
2023-11-14,35551.19,1979.39,121.6865
2023-11-15,37858.2,2058.48,121.4035
2023-11-16,36163.51,1961.77,121.4953
2023-11-17,36613.92,1960.82,121.1657
2023-11-20,37448.78,2021.4,120.5653
2023-11-21,35741.65,1933.01,120.5182
2023-11-22,37408.34,2063.21,120.9757
2023-11-23,37294.28,2062.2,
2023-11-24,37713.57,2080.84,120.5285
2023-11-27,37242.7,2027.5,120.4893
2023-11-28,37818.87,2048.14,119.9174
2023-11-29,37854.64,2028.81,120.1246
2023-11-30,37723.96,2051.96,120.5421
2023-12-01,38682.52,2087.24,120.2542
2023-12-04,41991.1,2243.37,120.7669
2023-12-05,44073.32,2293.33,121.0731
2023-12-06,43762.69,2232.7,120.8348
2023-12-07,43273.14,2355.73,120.8938
2023-12-08,44170.99,2358.72,121.0499
2023-12-11,41253.4,2225.12,121.2212
2023-12-12,41492.39,2203.46,120.9825
2023-12-13,42869.03,2260.16,121.4667
2023-12-14,43022.26,2315.32,119.8952
2023-12-15,41940.3,2220.5,120.062
2023-12-18,42657.8,2219.43,120.2386
2023-12-19,42275.99,2177.91,119.8116
2023-12-20,43668.93,2202.17,119.8872
2023-12-21,43861.8,2239.61,119.6721
2023-12-22,43969.04,2324.54,119.4214
2023-12-25,43576.13,2271.35,
2023-12-26,42508.93,2230.88,119.2551
2023-12-27,43428.85,2378.35,118.8525
2023-12-28,42563.76,2344.15,118.762
2023-12-29,42066.95,2299.2,118.7686
2024-01-01,44179.55,2352.04,
2024-01-02,44946.91,2355.34,119.6165
2024-01-03,42845.23,2209.72,120.0407
2024-01-04,44151.1,2267.11,119.9775
2024-01-05,44145.11,2268.78,119.7474
2024-01-08,46951.04,2330.44,119.6237
2024-01-09,46110.0,2344.29,120.0296
2024-01-10,46653.99,2584.38,120.1258
2024-01-11,46339.16,2618.01,120.2516
2024-01-12,42782.73,2522.54,119.9009
2024-01-15,42511.1,2511.78,
2024-01-16,43137.95,2587.4,120.9213
2024-01-17,42776.1,2530.19,121.3823
2024-01-18,41327.5,2470.81,121.2366
2024-01-19,41659.03,2492.0,120.9947
2024-01-22,39568.02,2314.2,120.9687
2024-01-23,39897.6,2242.6,121.4244
2024-01-24,40084.88,2235.02,120.8336
2024-01-25,39961.09,2218.64,121.167
2024-01-26,41823.51,2267.68,120.9665
2024-01-29,43302.7,2317.6,121.1888
2024-01-30,42941.1,2343.01,120.9442
2024-01-31,42580.0,2283.14,120.7727
2024-02-01,43082.94,2304.28,120.6832
2024-02-02,43200.0,2309.06,121.2438
2024-02-05,42708.7,2301.83,121.6831
2024-02-06,43098.95,2372.64,121.3021
2024-02-07,44349.6,2425.1,121.2518
2024-02-08,45288.65,2419.55,121.4226
2024-02-09,47132.77,2486.56,121.3851
2024-02-12,49917.27,2659.99,121.2839
2024-02-13,49699.59,2639.99,121.8558
2024-02-14,51795.17,2774.81,121.7411
2024-02-15,51880.0,2822.59,121.5567
2024-02-16,52124.11,2801.8,121.4984
2024-02-19,51774.73,2944.8,
2024-02-20,52258.82,3014.81,121.3769
2024-02-21,51849.39,2967.9,121.3918
2024-02-22,51288.42,2971.4,121.4589
2024-02-23,50744.15,2922.24,121.3991
2024-02-26,54476.47,3175.94,121.4197
2024-02-27,57037.34,3242.36,121.3297
2024-02-28,62432.1,3383.1,121.4886
2024-02-29,61130.98,3340.09,121.5385
2024-03-01,62387.9,3433.43,121.3741
2024-03-04,68245.71,3627.76,121.2454
2024-03-05,63724.01,3553.65,121.2575
2024-03-06,66074.04,3818.59,120.8481
2024-03-07,66823.17,3868.76,120.5744
2024-03-08,68124.19,3883.36,120.3612
2024-03-11,72078.1,4064.8,120.4205
2024-03-12,71452.01,3979.96,120.5468
2024-03-13,73072.41,4004.79,120.3533
2024-03-14,71388.94,3881.7,120.6272
2024-03-15,69499.85,3742.19,120.7884
2024-03-18,67609.99,3520.46,120.9572
2024-03-19,61937.4,3158.64,121.3111
2024-03-20,67840.51,3516.53,121.3092
2024-03-21,65501.27,3492.85,121.1869
2024-03-22,63796.64,3336.35,121.5694
2024-03-25,69880.01,3590.42,121.4143
2024-03-26,69988.0,3587.33,121.4613
2024-03-27,69469.99,3501.19,121.4048
2024-03-28,70780.6,3560.49,121.4498
2024-03-29,69850.54,3509.74,121.4062
2024-04-01,69649.8,3503.8,121.8884
2024-04-02,65463.99,3278.96,121.6881
2024-04-03,65963.28,3310.83,121.4129
2024-04-04,68487.79,3327.4,121.1646
2024-04-05,67820.62,3317.85,121.3671
2024-04-08,71620.0,3694.61,121.1487
2024-04-09,69146.0,3506.39,121.1215
2024-04-10,70631.08,3545.64,121.9628
2024-04-11,70006.23,3502.52,122.003
2024-04-12,67116.52,3237.43,122.6566
2024-04-15,63419.99,3101.99,122.7932
2024-04-16,63793.39,3084.22,123.4732
2024-04-17,61277.37,2985.41,123.375
2024-04-18,63470.08,3064.4,123.3481
2024-04-19,63818.01,3056.46,123.4459
2024-04-22,66819.32,3200.2,123.4011
2024-04-23,66414.0,3219.46,123.0779
2024-04-24,64289.59,3140.8,123.2398
2024-04-25,64498.34,3155.8,123.1916
2024-04-26,63770.01,3131.3,123.3004
2024-04-29,63866.0,3216.73,122.9074
2024-04-30,60672.0,3014.05,123.3446
2024-05-01,58364.97,2972.46,123.3776
2024-05-02,59060.61,2986.19,122.8047
2024-05-03,62882.01,3102.61,122.5056
2024-05-06,63165.19,3062.6,122.2529
2024-05-07,62312.08,3005.69,122.4588
2024-05-08,61193.03,2974.21,122.5562
2024-05-09,63074.01,3036.23,122.5322
2024-05-10,60799.99,2909.99,122.3898
2024-05-13,62940.08,2950.99,122.4068
2024-05-14,61577.49,2881.93,122.3094
2024-05-15,66206.5,3032.55,121.7471
2024-05-16,65235.21,2944.7,121.6189
2024-05-17,67024.0,3092.01,121.638
2024-05-20,71446.62,3661.78,121.6377
2024-05-21,70148.34,3789.6,121.7864
2024-05-22,69166.62,3737.73,121.9514
2024-05-23,67969.65,3783.61,122.1493
2024-05-24,68549.99,3728.28,122.0215
2024-05-27,69436.43,3894.22,
2024-05-28,68398.39,3844.69,121.8382
2024-05-29,67652.42,3767.43,122.5535
2024-05-30,68352.17,3747.91,122.356
2024-05-31,67540.01,3762.29,122.4845
2024-06-03,68809.9,3767.06,122.7156
2024-06-04,70537.84,3810.23,123.0715
2024-06-05,71108.0,3865.99,122.9014
2024-06-06,70799.06,3813.46,122.7416
2024-06-07,69355.6,3678.32,123.8707
2024-06-10,69540.0,3667.85,124.2232
2024-06-11,67314.24,3497.33,124.345
2024-06-12,68263.99,3560.12,124.1411
2024-06-13,66773.01,3469.4,124.3287
2024-06-14,66043.99,3481.8,124.4755
2024-06-17,66504.33,3511.46,124.5427
2024-06-18,65175.32,3483.42,124.2835
2024-06-19,64974.37,3560.51,
2024-06-20,64869.99,3513.08,124.496
2024-06-21,64143.56,3518.5,124.4247
2024-06-24,60293.3,3352.73,124.0379
2024-06-25,61806.01,3394.91,124.26
2024-06-26,60864.99,3371.44,124.5696
2024-06-27,61706.47,3450.44,124.6406
2024-06-28,60427.84,3380.15,124.5172
2024-07-01,62899.99,3442.2,124.7723
2024-07-02,62135.47,3421.35,124.608
2024-07-03,60208.58,3295.48,124.1096
2024-07-04,57050.01,3059.7,
2024-07-05,56628.79,2981.78,123.8192
2024-07-08,56714.62,3019.01,123.706
2024-07-09,58050.0,3066.65,123.7559
2024-07-10,57725.85,3101.05,123.5508
2024-07-11,57339.89,3099.57,123.1267
2024-07-12,57889.1,3133.88,122.8093
2024-07-15,64724.14,3483.39,123.0059
2024-07-16,65043.99,3444.13,123.1024
2024-07-17,64087.99,3387.05,122.892
2024-07-18,63987.92,3426.5,123.1548
2024-07-19,66660.0,3503.53,123.5033
2024-07-22,67532.01,3439.6,123.5735
2024-07-23,65936.01,3482.51,123.7296
2024-07-24,65376.0,3335.81,123.8784
2024-07-25,65799.95,3175.48,123.8341
2024-07-26,67907.99,3274.61,123.9862
2024-07-29,66784.69,3317.66,124.4412
2024-07-30,66188.0,3279.21,124.576
2024-07-31,64628.0,3232.74,123.9223
2024-08-01,65354.02,3203.4,124.1551
2024-08-02,61498.33,2989.61,123.7169
2024-08-05,54018.81,2419.59,123.7919
2024-08-06,56022.01,2461.33,123.8794
2024-08-07,55134.16,2342.8,123.8126
2024-08-08,61685.99,2682.5,123.6961
2024-08-09,60837.99,2598.78,123.1964
2024-08-12,59346.64,2722.3,123.4942
2024-08-13,60587.15,2702.44,123.2819
2024-08-14,58683.39,2661.45,122.7057
2024-08-15,57541.06,2569.89,122.8791
2024-08-16,58874.6,2592.73,122.6944
2024-08-19,59438.5,2636.36,122.1762
2024-08-20,59013.8,2572.82,122.0677
2024-08-21,61156.03,2630.71,122.1407
2024-08-22,60375.84,2622.88,122.6371
2024-08-23,64037.24,2762.48,121.7525
2024-08-26,62834.0,2680.49,121.9678
2024-08-27,59415.0,2457.33,122.1318
2024-08-28,59034.9,2528.33,122.1586
2024-08-29,59359.01,2527.61,122.4706
2024-08-30,59123.99,2526.0,122.5582
2024-09-02,59132.13,2538.01,
2024-09-03,57487.73,2425.29,123.0052
2024-09-04,57970.9,2450.71,122.7434
2024-09-05,56180.0,2368.81,122.6747
2024-09-06,53962.97,2225.23,122.7145
2024-09-09,57042.0,2359.5,122.9408
2024-09-10,57635.99,2388.52,123.2266
2024-09-11,57338.0,2340.55,123.0007
2024-09-12,58132.32,2361.76,122.684
2024-09-13,60498.0,2439.19,121.9128
2024-09-16,58213.99,2295.68,121.7684
2024-09-17,60313.99,2341.8,121.8724
2024-09-18,61759.99,2374.75,121.8295
2024-09-19,62947.99,2465.21,121.5773
2024-09-20,63201.05,2561.4,121.6673
2024-09-23,63339.99,2646.97,121.687
2024-09-24,64262.7,2653.2,121.3868
2024-09-25,63152.01,2579.95,121.6868
2024-09-26,65173.99,2632.26,121.3274
2024-09-27,65769.95,2694.43,121.356
2024-09-30,63327.59,2602.23,121.5298
2024-10-01,60805.78,2447.79,121.9152
2024-10-02,60649.28,2364.1,121.8154
2024-10-03,60752.71,2349.8,122.3469
2024-10-04,62086.0,2414.41,122.4533
2024-10-07,62224.0,2422.71,122.6545
2024-10-08,62160.49,2440.89,122.9111
2024-10-09,60636.02,2370.47,123.1373
2024-10-10,60326.39,2386.49,123.3431
2024-10-11,62540.0,2439.5,123.2275
2024-10-14,66083.99,2629.79,
2024-10-15,67074.14,2607.41,123.773
2024-10-16,67620.01,2611.1,124.1606
2024-10-17,67421.78,2605.8,124.3466
2024-10-18,68428.0,2642.17,124.1511
2024-10-21,67377.5,2666.7,124.7004
2024-10-22,67426.0,2622.81,124.6396
2024-10-23,66668.65,2524.61,124.9181
2024-10-24,68198.28,2535.82,124.743
2024-10-25,66698.33,2440.62,124.8418
2024-10-28,69962.21,2567.48,125.0385
2024-10-29,72736.42,2638.8,125.0952
2024-10-30,72344.74,2659.19,125.0444
2024-10-31,70292.01,2518.61,125.0247
2024-11-01,69496.01,2511.49,125.0403
2024-11-04,67850.01,2398.21,124.8168
2024-11-05,69372.01,2422.55,124.7803
2024-11-06,75571.99,2721.87,125.9311
2024-11-07,75857.89,2895.47,125.016
2024-11-08,76509.78,2961.75,125.8066
2024-11-11,88647.99,3371.59,
2024-11-12,87952.01,3243.8,126.987
2024-11-13,90375.2,3187.16,127.1591
2024-11-14,87325.59,3058.82,127.2123
2024-11-15,91032.07,3090.01,127.1021
2024-11-18,90464.08,3207.8,126.8336
2024-11-19,92310.79,3107.44,126.6361
2024-11-20,94286.56,3069.97,127.1023
2024-11-21,98317.12,3355.81,127.3063
2024-11-22,98892.0,3327.78,127.6683
2024-11-25,93010.01,3414.49,127.211
2024-11-26,91965.16,3324.73,127.6435
2024-11-27,95863.11,3653.28,127.0601
2024-11-28,95643.98,3578.79,
2024-11-29,97460.0,3592.21,126.8114
2024-12-02,95840.62,3643.42,127.3499
2024-12-03,95849.69,3614.51,127.1983
2024-12-04,98587.32,3837.8,126.9956
2024-12-05,96945.63,3785.2,126.6638
2024-12-06,99740.84,3998.87,126.9271
2024-12-09,97276.47,3712.0,126.8394
2024-12-10,96593.0,3628.25,127.1884
2024-12-11,101125.0,3831.81,127.095
2024-12-12,100004.29,3881.61,127.2039
2024-12-13,101424.25,3906.8,127.5569
2024-12-16,106058.66,3986.24,127.5235
2024-12-17,106133.74,3893.01,127.7565
2024-12-18,100204.01,3626.8,127.8936
2024-12-19,97461.86,3417.01,128.8598
2024-12-20,97805.44,3472.21,128.1411
2024-12-23,94881.47,3422.53,128.5356
2024-12-24,98663.58,3493.18,128.5651
2024-12-25,99429.6,3497.0,
2024-12-26,95791.6,3335.05,128.5679
2024-12-27,94299.03,3333.51,128.6972
2024-12-30,92792.05,3361.84,129.0474
2024-12-31,93576.0,3337.78,129.488
2025-01-01,94591.79,3360.38,
2025-01-02,96984.79,3455.67,129.6666
2025-01-03,98174.18,3609.01,129.6721
2025-01-06,102235.6,3687.45,128.7878
2025-01-07,96954.61,3381.31,128.8574
2025-01-08,95060.61,3327.29,129.3038
2025-01-09,92552.49,3219.2,129.4927
2025-01-10,94726.11,3267.04,130.0513
2025-01-13,94536.1,3137.51,130.2142
2025-01-14,96560.86,3225.63,129.5812
2025-01-15,100497.35,3451.52,129.4107
2025-01-16,99987.3,3308.05,129.6284
2025-01-17,104077.48,3473.63,129.6771
2025-01-20,102260.01,3284.0,
2025-01-21,106143.82,3327.54,128.61
2025-01-22,103706.66,3242.6,128.5428
2025-01-23,103910.34,3338.21,128.4336
2025-01-24,104870.5,3310.09,127.6833
2025-01-27,102082.83,3182.44,128.2856
2025-01-28,101335.52,3077.72,128.471
2025-01-29,103733.24,3113.9,128.5324
2025-01-30,104722.94,3247.39,128.2958
2025-01-31,102429.56,3300.99,128.6686
2025-02-03,101328.52,2879.9,129.2815
2025-02-04,97763.13,2731.19,128.2993
2025-02-05,96612.43,2788.25,128.1725
2025-02-06,96554.35,2686.64,128.3958
2025-02-07,96506.8,2622.1,128.6144
2025-02-10,97430.82,2661.19,128.8215
2025-02-11,95778.2,2602.59,128.629
2025-02-12,97869.99,2738.27,128.5321
2025-02-13,96608.14,2675.87,128.0821
2025-02-14,97500.48,2725.95,127.3505
2025-02-17,95780.0,2744.05,
2025-02-18,95671.74,2671.99,127.501
2025-02-19,96644.37,2715.5,127.9207
2025-02-20,98305.0,2738.04,127.3057
2025-02-21,96181.98,2663.0,127.3285
2025-02-24,91552.88,2513.52,127.3749
2025-02-25,88680.4,2495.7,127.5544
2025-02-26,84250.09,2336.37,127.4762
2025-02-27,84708.58,2307.72,128.1589
2025-02-28,84349.94,2237.59,128.4646
2025-03-03,86220.61,2149.01,127.9558
2025-03-04,87281.98,2171.51,128.1864
2025-03-05,90606.01,2241.59,126.7441
2025-03-06,89931.89,2202.2,126.3526
2025-03-07,86801.75,2141.6,126.2243
2025-03-10,78595.86,1865.1,126.5199
2025-03-11,82932.99,1923.43,126.2896
2025-03-12,83680.12,1908.2,126.1251
2025-03-13,81115.78,1864.59,126.2551
2025-03-14,83983.2,1911.65,125.9538
2025-03-17,84010.03,1926.31,125.6291
2025-03-18,82715.03,1931.54,125.7402
2025-03-19,86845.94,2056.06,126.0515
2025-03-20,84223.39,1983.79,126.237
2025-03-21,84088.79,1965.75,126.509
2025-03-24,87498.16,2081.2,126.4403
2025-03-25,87392.87,2066.15,126.3075
2025-03-26,86909.17,2009.52,126.4839
2025-03-27,87232.01,2003.66,126.6098
2025-03-28,84424.38,1896.9,126.6599
2025-03-31,82550.01,1822.43,126.9402
2025-04-01,85158.34,1904.98,126.6783
2025-04-02,82516.29,1795.22,126.6284
2025-04-03,83213.09,1817.23,125.0254
2025-04-04,83889.87,1816.87,126.0693
2025-04-07,79163.24,1553.04,127.0629
2025-04-08,76322.42,1473.41,127.1122
2025-04-09,82615.22,1669.51,126.8819
2025-04-10,79607.3,1522.25,125.3694
2025-04-11,83423.84,1566.85,124.3156
2025-04-14,84591.58,1623.77,123.9908
2025-04-15,83643.99,1588.78,124.1129
2025-04-16,84030.38,1577.14,123.6167
2025-04-17,84947.91,1583.62,123.4733
2025-04-18,84474.69,1588.6,123.3365
2025-04-21,87516.23,1579.57,122.677
2025-04-22,93442.99,1756.26,122.7879
2025-04-23,93691.08,1795.07,123.375
2025-04-24,93980.47,1769.65,123.285
2025-04-25,94638.68,1784.6,123.2454
2025-04-28,95011.18,1799.88,123.0856
2025-04-29,94256.82,1797.81,122.9514
2025-04-30,94172.0,1793.61,122.944
2025-05-01,96489.91,1838.11,123.4811
2025-05-02,96887.14,1842.2,122.859
2025-05-05,94733.68,1820.19,122.6335
2025-05-06,96834.02,1817.0,122.3907
2025-05-07,97030.5,1811.11,122.4652
2025-05-08,103261.6,2207.39,123.1019
2025-05-09,102971.99,2345.04,122.879
2025-05-12,102791.32,2495.47,123.7948
2025-05-13,104103.72,2679.71,123.2905
2025-05-14,103507.82,2609.74,123.0145
2025-05-15,103763.71,2548.69,123.1492
2025-05-16,103463.9,2537.12,123.3969
2025-05-19,105573.74,2528.14,122.7649
2025-05-20,106849.99,2524.19,122.673
2025-05-21,109643.99,2550.99,122.1012
2025-05-22,111696.21,2664.82,122.3865
2025-05-23,107318.3,2526.5,121.7283
2025-05-26,109434.79,2563.7,
2025-05-27,108938.17,2660.81,121.9634
2025-05-28,107781.78,2681.6,122.3295
2025-05-29,105589.75,2631.39,121.9108
2025-05-30,103985.48,2531.34,122.1112
2025-06-02,105857.99,2607.41,121.549
2025-06-03,105376.89,2593.36,121.808
2025-06-04,104696.86,2607.68,121.4093
2025-06-05,101508.68,2414.01,121.3178
2025-06-06,104288.44,2476.1,121.5217
2025-06-09,110263.02,2680.13,121.2757
2025-06-10,110274.39,2816.4,121.4134
2025-06-11,108645.12,2771.61,120.9763
2025-06-12,105671.73,2642.65,120.565
2025-06-13,106066.59,2579.19,120.7131
2025-06-16,106794.53,2544.17,120.5449
2025-06-17,104551.17,2509.95,120.8862
2025-06-18,104886.78,2525.0,121.1093
2025-06-19,104658.59,2521.12,
2025-06-20,103297.99,2406.49,121.411
2025-06-23,105333.93,2411.66,121.5412
2025-06-24,106083.0,2448.45,120.7549
2025-06-25,107340.58,2418.49,120.7333
2025-06-26,106947.06,2415.96,120.0587
2025-06-27,107047.59,2423.17,120.0786
2025-06-30,107146.5,2485.47,119.8269
2025-07-01,105681.14,2405.01,119.7678
2025-07-02,108849.6,2570.41,119.7289
2025-07-03,109584.78,2591.25,119.6678
2025-07-04,107984.24,2508.04,
2025-07-07,108262.94,2542.29,120.0481
2025-07-08,108922.98,2615.25,120.2589
2025-07-09,111233.99,2768.74,120.1608
2025-07-10,116010.0,2951.29,120.253
2025-07-11,117527.66,2958.22,120.3354
2025-07-14,119841.18,3013.62,120.6252
2025-07-15,117758.09,3137.89,120.9095
2025-07-16,118630.43,3371.35,120.8232
2025-07-17,119177.56,3476.87,121.0417
2025-07-18,117924.84,3546.92,120.7674
2025-07-21,117380.36,3762.33,120.4157
2025-07-22,119954.42,3746.21,120.1036
2025-07-23,118755.99,3628.29,119.9888
2025-07-24,118340.99,3706.94,119.9892
2025-07-25,117614.31,3724.96,120.4082
2025-07-28,118062.32,3799.0,121.0228
2025-07-29,117950.76,3793.79,121.3652
2025-07-30,117840.3,3810.0,121.7944
2025-07-31,115764.08,3698.39,122.1088
2025-08-01,113297.93,3488.2,121.6148
2025-08-04,115055.03,3720.99,121.3757
2025-08-05,114129.75,3612.0,121.3068
2025-08-06,114992.27,3683.31,120.9198
2025-08-07,117472.01,3910.31,120.9142
2025-08-08,116674.74,4009.5,120.7562
2025-08-11,118686.0,4223.22,121.1021
2025-08-12,120134.08,4590.52,120.6964
2025-08-13,123306.43,4749.3,120.5533
2025-08-14,118295.09,4546.84,121.0518
2025-08-15,117342.05,4439.47,120.7606
2025-08-18,116227.05,4312.99,120.9792
2025-08-19,112872.94,4075.59,121.137
2025-08-20,114271.24,4336.16,121.1828
2025-08-21,112500.0,4225.3,121.485
2025-08-22,116935.99,4832.07,120.6974
2025-08-25,110111.98,4376.18,120.8298
2025-08-26,111763.22,4600.63,120.9304
2025-08-27,111262.01,4506.71,121.1236
2025-08-28,112566.9,4511.21,120.6537
2025-08-29,108377.4,4360.18,120.6028
2025-09-01,109237.42,4314.5,
2025-09-02,111240.01,4326.5,121.0716
2025-09-03,111705.71,4450.46,120.9032
2025-09-04,110730.87,4297.55,121.1565
2025-09-05,110659.99,4307.45,120.5394
2025-09-08,112065.23,4306.37,120.5152
2025-09-09,111546.39,4310.09,120.5746
2025-09-10,113960.0,4349.32,120.5447
2025-09-11,115482.69,4458.82,120.381
2025-09-12,116029.42,4712.16,120.4905
