,BTC,ETH,US10Y,US3M,US30Y
2017-08-17,4285.08,302.0,2.19,1.0,2.78
2017-08-18,4108.37,293.96,2.19,1.02,2.78
2017-08-21,4016.0,323.29,2.18,1.0,2.77
2017-08-22,4040.0,309.8,2.22,1.0,2.79
2017-08-23,4114.01,315.74,2.17,1.0,2.75
2017-08-24,4316.01,323.42,2.19,1.02,2.77
2017-08-25,4280.68,327.24,2.17,1.03,2.75
2017-08-28,4386.69,346.0,2.16,0.98,2.76
2017-08-29,4587.48,374.7,2.13,1.03,2.74
2017-08-30,4555.14,385.93,2.15,1.03,2.75
2017-08-31,4724.89,384.79,2.12,1.01,2.73
2017-09-01,4834.91,388.46,2.16,1.02,2.77
2017-09-05,4366.47,312.09,2.07,1.03,2.69
2017-09-06,4619.77,335.0,2.1,1.07,2.72
2017-09-07,4691.61,334.49,2.05,1.05,2.66
2017-09-08,4282.8,302.99,2.06,1.04,2.67
2017-09-11,4208.47,297.3,2.14,1.05,2.75
2017-09-12,4163.72,293.96,2.17,1.03,2.78
2017-09-13,3944.69,276.91,2.2,1.04,2.79
2017-09-14,3189.02,215.21,2.2,1.05,2.77
2017-09-15,3700.0,253.0,2.2,1.05,2.77
2017-09-18,4035.01,294.57,2.23,1.05,2.8
2017-09-19,3910.04,284.0,2.24,1.04,2.81
2017-09-20,3900.0,282.0,2.28,1.04,2.82
2017-09-21,3609.99,257.0,2.27,1.04,2.8
2017-09-22,3595.87,264.0,2.26,1.03,2.8
2017-09-25,3920.75,294.42,2.22,1.05,2.76
2017-09-26,3882.35,287.9,2.24,1.06,2.78
2017-09-27,4193.0,309.74,2.31,1.07,2.86
2017-09-28,4174.5,302.44,2.31,1.06,2.87
2017-09-29,4174.69,292.22,2.33,1.06,2.86
2017-10-02,4380.0,296.5,2.34,1.01,2.87
2017-10-03,4310.0,292.48,2.33,1.07,2.87
2017-10-04,4208.59,291.99,2.33,1.08,2.87
2017-10-05,4292.43,294.81,2.35,1.07,2.89
2017-10-06,4369.0,310.8,2.37,1.07,2.91
2017-10-10,4783.06,298.64,2.35,1.08,2.88
2017-10-11,4821.43,304.01,2.35,1.1,2.88
2017-10-12,5430.0,303.99,2.33,1.09,2.86
2017-10-13,5649.98,337.96,2.28,1.09,2.81
2017-10-16,5760.02,335.19,2.3,1.1,2.82
2017-10-17,5595.0,315.19,2.3,1.09,2.8
2017-10-18,5512.06,309.7,2.34,1.09,2.85
2017-10-19,5683.9,308.66,2.33,1.1,2.83
2017-10-20,6010.01,304.51,2.39,1.11,2.89
2017-10-23,5915.93,281.09,2.38,1.09,2.89
2017-10-24,5477.03,297.38,2.42,1.12,2.92
2017-10-25,5689.99,294.49,2.44,1.12,2.95
2017-10-26,5861.77,294.71,2.46,1.11,2.96
2017-10-27,5768.83,296.33,2.42,1.1,2.93
2017-10-30,6120.5,307.25,2.37,1.12,2.88
2017-10-31,6463.0,304.9,2.38,1.15,2.88
2017-11-01,6753.98,287.01,2.37,1.18,2.85
2017-11-02,7019.98,283.12,2.35,1.17,2.83
2017-11-03,7115.04,304.08,2.34,1.18,2.82
2017-11-06,6960.12,297.97,2.32,1.19,2.8
2017-11-07,7064.04,291.78,2.32,1.22,2.77
2017-11-08,7303.0,303.02,2.32,1.23,2.79
2017-11-09,7079.99,317.87,2.33,1.24,2.81
2017-11-10,6506.98,293.5,2.4,1.23,2.88
2017-11-13,6465.99,312.99,2.4,1.24,2.87
2017-11-14,6574.99,335.61,2.38,1.26,2.84
2017-11-15,7240.06,331.33,2.33,1.25,2.77
2017-11-16,7864.5,331.49,2.37,1.27,2.81
2017-11-17,7699.19,331.23,2.35,1.29,2.78
2017-11-20,8212.0,367.42,2.37,1.3,2.78
2017-11-21,8119.51,362.12,2.36,1.3,2.76
2017-11-22,8205.92,380.65,2.32,1.29,2.75
2017-11-24,8138.0,469.0,2.34,1.29,2.76
2017-11-27,9650.0,472.31,2.32,1.27,2.76
2017-11-28,9896.8,466.17,2.34,1.3,2.77
2017-11-29,9687.88,421.7,2.37,1.29,2.81
2017-11-30,9838.96,427.43,2.42,1.27,2.83
2017-12-01,10782.99,457.51,2.37,1.27,2.76
2017-12-04,11579.0,466.67,2.37,1.29,2.77
2017-12-05,11699.99,452.26,2.36,1.3,2.73
2017-12-06,13550.05,411.01,2.33,1.3,2.71
2017-12-07,16599.0,406.33,2.37,1.29,2.76
2017-12-08,15880.0,442.56,2.38,1.28,2.77
2017-12-11,16587.97,508.7,2.39,1.33,2.77
2017-12-12,16349.99,620.0,2.4,1.34,2.79
2017-12-13,16033.29,683.99,2.36,1.3,2.74
2017-12-14,16334.98,679.76,2.35,1.32,2.71
2017-12-15,17539.83,674.95,2.35,1.31,2.68
2017-12-18,18856.25,784.0,2.39,1.38,2.74
2017-12-19,17295.2,798.0,2.46,1.37,2.82
2017-12-20,16488.98,790.21,2.49,1.38,2.88
2017-12-21,15492.64,782.41,2.48,1.35,2.84
2017-12-22,13326.61,635.97,2.48,1.33,2.83
2017-12-26,15689.01,750.0,2.47,1.47,2.82
2017-12-27,15459.99,739.89,2.42,1.44,2.75
2017-12-28,14182.11,707.89,2.43,1.39,2.75
2017-12-29,14378.9,733.99,2.4,1.39,2.74
2018-01-02,14675.11,855.28,2.46,1.44,2.81
2018-01-03,14919.51,934.03,2.44,1.41,2.78
2018-01-04,15059.54,940.0,2.46,1.41,2.79
2018-01-05,16960.39,959.3,2.47,1.39,2.81
2018-01-08,14902.54,1133.18,2.49,1.45,2.81
2018-01-09,14400.0,1291.0,2.55,1.44,2.88
2018-01-10,14907.09,1247.0,2.55,1.42,2.88
2018-01-11,13238.78,1138.93,2.54,1.43,2.91
2018-01-12,13740.01,1253.87,2.55,1.43,2.85
2018-01-16,10900.0,1000.0,2.54,1.45,2.83
2018-01-17,10988.79,1000.0,2.57,1.44,2.84
2018-01-18,10961.97,994.0,2.62,1.45,2.9
2018-01-19,11474.98,1032.5,2.64,1.44,2.91
2018-01-22,10760.05,993.0,2.66,1.44,2.93
2018-01-23,10799.18,980.0,2.63,1.44,2.9
2018-01-24,11349.99,1061.0,2.65,1.43,2.93
2018-01-25,11175.27,1056.52,2.63,1.42,2.89
2018-01-26,11089.0,1051.03,2.66,1.41,2.91
2018-01-29,11251.0,1177.01,2.7,1.44,2.94
2018-01-30,10237.51,1085.5,2.73,1.44,2.98
2018-01-31,10285.1,1124.81,2.72,1.46,2.95
2018-02-01,9224.52,1041.94,2.78,1.48,3.01
2018-02-02,8873.03,922.3,2.84,1.48,3.08
2018-02-05,6939.99,697.92,2.77,1.51,3.04
2018-02-06,7652.14,779.25,2.79,1.52,3.06
2018-02-07,7599.0,754.0,2.84,1.55,3.12
2018-02-08,7784.02,781.66,2.85,1.55,3.14
2018-02-09,8683.92,877.0,2.83,1.55,3.14
2018-02-12,8903.0,866.66,2.86,1.62,3.14
2018-02-13,8539.9,841.57,2.83,1.59,3.11
2018-02-14,9449.99,919.09,2.91,1.58,3.18
2018-02-15,10000.09,924.55,2.9,1.58,3.15
2018-02-16,10159.98,938.67,2.87,1.62,3.13
2018-02-20,11200.99,882.99,2.88,1.66,3.15
2018-02-21,10437.6,835.89,2.94,1.64,3.22
2018-02-22,9811.04,801.49,2.92,1.63,3.21
2018-02-23,10131.04,851.6,2.88,1.64,3.16
2018-02-26,10324.0,867.98,2.86,1.66,3.15
2018-02-27,10569.04,870.11,2.9,1.66,3.17
2018-02-28,10326.76,853.5,2.87,1.65,3.13
2018-03-01,10920.0,870.63,2.81,1.63,3.09
2018-03-02,11039.0,856.28,2.86,1.65,3.14
2018-03-05,11454.0,849.84,2.88,1.7,3.16
2018-03-06,10716.48,813.11,2.88,1.68,3.14
2018-03-07,9910.0,749.9,2.89,1.68,3.15
2018-03-08,9271.64,695.46,2.86,1.67,3.13
2018-03-09,9227.0,723.71,2.9,1.67,3.16
2018-03-12,9131.34,697.11,2.87,1.71,3.13
2018-03-13,9150.0,689.94,2.84,1.73,3.1
2018-03-14,8170.0,610.1,2.81,1.76,3.05
2018-03-15,8240.98,608.83,2.82,1.77,3.05
2018-03-16,8260.0,599.05,2.85,1.78,3.08
2018-03-19,8600.0,556.88,2.85,1.8,3.09
2018-03-20,8909.98,557.0,2.89,1.81,3.12
2018-03-21,8885.0,559.17,2.89,1.74,3.12
2018-03-22,8722.9,539.92,2.83,1.72,3.06
2018-03-23,8898.03,543.03,2.82,1.74,3.06
2018-03-26,8134.23,485.0,2.85,1.79,3.08
2018-03-27,7795.51,448.5,2.78,1.77,3.03
2018-03-28,7949.3,446.67,2.77,1.73,3.01
2018-03-29,7090.14,384.0,2.74,1.73,2.97
2018-04-02,7056.0,385.05,2.73,1.77,2.97
2018-04-03,7405.21,415.01,2.79,1.75,3.02
2018-04-04,6796.1,378.16,2.79,1.71,3.03
2018-04-05,6770.76,381.22,2.83,1.72,3.07
2018-04-06,6601.39,368.89,2.77,1.73,3.01
2018-04-09,6782.72,399.44,2.78,1.76,3.02
2018-04-10,6843.9,416.07,2.8,1.74,3.02
2018-04-11,6953.79,429.52,2.79,1.73,2.99
2018-04-12,7923.0,495.67,2.83,1.75,3.05
2018-04-13,7877.41,495.11,2.82,1.76,3.03
2018-04-16,8064.92,511.46,2.83,1.79,3.03
2018-04-17,7885.02,502.56,2.82,1.8,3.0
2018-04-18,8173.0,526.09,2.87,1.81,3.06
2018-04-19,8278.0,568.14,2.92,1.82,3.11
2018-04-20,8856.98,617.09,2.96,1.81,3.14
2018-04-23,8934.01,645.09,2.98,1.87,3.15
2018-04-24,9619.99,701.58,3.0,1.87,3.18
2018-04-25,8869.99,618.0,3.03,1.85,3.21
2018-04-26,9266.0,661.51,3.0,1.82,3.18
2018-04-27,8915.35,643.46,2.96,1.82,3.13
2018-04-30,9246.01,670.78,2.95,1.87,3.11
2018-05-01,9071.48,672.0,2.97,1.85,3.13
2018-05-02,9247.84,688.56,2.97,1.84,3.14
2018-05-03,9750.0,779.0,2.94,1.84,3.12
2018-05-04,9713.99,785.99,2.95,1.84,3.12
2018-05-07,9365.0,752.49,2.95,1.86,3.12
2018-05-08,9187.56,748.99,2.97,1.87,3.13
2018-05-09,9310.0,751.75,3.0,1.88,3.16
2018-05-10,9002.2,722.52,2.97,1.9,3.12
2018-05-11,8400.0,676.96,2.97,1.92,3.1
2018-05-14,8663.34,727.49,3.0,1.93,3.13
2018-05-15,8462.0,704.91,3.08,1.92,3.2
2018-05-16,8330.0,706.29,3.09,1.92,3.21
2018-05-17,8041.46,667.62,3.11,1.92,3.25
2018-05-18,8239.81,692.6,3.06,1.91,3.2
2018-05-21,8381.24,696.7,3.06,1.93,3.2
2018-05-22,7977.11,640.99,3.06,1.93,3.21
2018-05-23,7501.95,577.19,3.01,1.92,3.17
2018-05-24,7575.01,602.18,2.98,1.91,3.13
2018-05-25,7457.0,585.55,2.93,1.9,3.09
2018-05-29,7461.29,567.36,2.77,1.93,2.96
2018-05-30,7375.96,557.19,2.84,1.94,3.01
2018-05-31,7485.01,577.81,2.83,1.93,3.0
2018-06-01,7521.01,579.0,2.89,1.92,3.04
2018-06-04,7487.0,591.02,2.94,1.94,3.08
2018-06-05,7625.0,609.05,2.92,1.94,3.07
2018-06-06,7658.84,607.4,2.97,1.95,3.13
2018-06-07,7691.08,605.16,2.93,1.94,3.08
2018-06-08,7603.44,598.68,2.93,1.93,3.08
2018-06-11,6872.0,531.69,2.96,1.94,3.1
2018-06-12,6530.0,493.0,2.96,1.92,3.09
2018-06-13,6292.78,475.47,2.98,1.94,3.1
2018-06-14,6635.98,519.29,2.94,1.94,3.05
2018-06-15,6388.9,487.48,2.93,1.94,3.05
2018-06-18,6712.46,517.95,2.92,1.94,3.05
2018-06-19,6741.21,537.97,2.89,1.94,3.02
2018-06-20,6761.51,536.49,2.93,1.94,3.06
2018-06-21,6718.84,526.18,2.9,1.94,3.04
2018-06-22,6045.0,462.09,2.9,1.93,3.04
2018-06-25,6252.0,458.7,2.87,1.93,3.02
2018-06-26,6070.78,429.34,2.88,1.93,3.03
2018-06-27,6133.73,441.64,2.83,1.93,2.97
2018-06-28,5853.98,420.22,2.84,1.93,2.97
2018-06-29,6197.92,434.77,2.85,1.93,2.98
2018-07-02,6615.29,476.25,2.87,1.98,2.99
2018-07-03,6513.86,461.82,2.83,1.98,2.96
2018-07-05,6529.2,467.87,2.84,1.96,2.95
2018-07-06,6609.78,470.47,2.82,1.97,2.94
2018-07-09,6662.12,471.71,2.86,1.98,2.96
2018-07-10,6296.91,432.48,2.87,1.99,2.97
2018-07-11,6378.07,444.99,2.85,1.97,2.95
2018-07-12,6250.57,431.14,2.85,1.98,2.95
2018-07-13,6214.57,432.46,2.83,1.98,2.94
2018-07-16,6723.35,478.49,2.85,2.01,2.96
2018-07-17,7317.44,498.76,2.86,2.02,2.97
2018-07-18,7381.9,479.41,2.88,2.0,2.99
2018-07-19,7466.21,468.57,2.84,2.0,2.96
2018-07-20,7337.53,449.04,2.89,1.99,3.03
2018-07-23,7721.01,450.05,2.96,1.99,3.1
2018-07-24,8397.24,479.28,2.95,2.02,3.08
2018-07-25,8175.64,472.1,2.94,2.01,3.06
2018-07-26,7920.0,462.64,2.98,1.99,3.1
2018-07-27,8188.57,470.09,2.96,2.0,3.09
2018-07-30,8173.92,456.23,2.98,2.04,3.11
2018-07-31,7730.93,432.22,2.96,2.03,3.08
2018-08-01,7604.58,420.41,3.0,2.03,3.13
2018-08-02,7525.71,410.62,2.98,2.02,3.12
2018-08-03,7418.78,417.52,2.95,2.01,3.09
2018-08-06,6934.82,405.28,2.94,2.05,3.08
2018-08-07,6720.06,378.21,2.98,2.06,3.12
2018-08-08,6285.0,355.48,2.96,2.06,3.12
2018-08-09,6529.79,363.3,2.93,2.06,3.08
2018-08-10,6144.01,331.81,2.87,2.05,3.03
2018-08-13,6246.35,283.81,2.88,2.06,3.05
2018-08-14,6188.08,278.41,2.89,2.08,3.06
2018-08-15,6267.16,281.12,2.86,2.07,3.03
2018-08-16,6311.75,287.17,2.87,2.07,3.03
2018-08-17,6584.49,317.51,2.87,2.05,3.03
2018-08-20,6254.84,270.51,2.82,2.06,2.99
2018-08-21,6480.0,281.21,2.85,2.08,3.0
2018-08-22,6360.89,270.8,2.82,2.09,2.99
2018-08-23,6525.01,275.99,2.82,2.08,2.97
2018-08-24,6681.64,281.19,2.82,2.09,2.97
2018-08-27,6908.64,287.71,2.85,2.12,3.0
2018-08-28,7076.11,295.44,2.88,2.13,3.03
2018-08-29,7031.22,288.4,2.89,2.13,3.02
2018-08-30,6984.84,283.89,2.86,2.11,3.0
2018-08-31,7011.21,281.41,2.86,2.11,3.02
2018-09-04,7359.06,285.3,2.9,2.13,3.07
2018-09-05,6700.0,228.53,2.9,2.14,3.08
2018-09-06,6516.01,229.7,2.88,2.13,3.06
2018-09-07,6395.54,215.22,2.94,2.14,3.11
2018-09-10,6312.0,197.15,2.94,2.14,3.09
2018-09-11,6294.91,185.18,2.98,2.15,3.13
2018-09-12,6338.62,183.12,2.97,2.16,3.11
2018-09-13,6487.38,210.68,2.97,2.15,3.11
2018-09-14,6476.63,208.82,2.99,2.16,3.13
2018-09-17,6248.69,196.16,2.99,2.16,3.13
2018-09-18,6336.45,208.17,3.05,2.17,3.2
2018-09-19,6391.89,209.79,3.08,2.16,3.23
2018-09-20,6492.0,224.0,3.07,2.17,3.21
2018-09-21,6759.02,247.73,3.07,2.18,3.2
2018-09-24,6581.39,228.06,3.08,2.22,3.21
2018-09-25,6447.54,219.62,3.1,2.21,3.23
2018-09-26,6465.12,214.42,3.06,2.2,3.19
2018-09-27,6689.13,229.13,3.06,2.18,3.19
2018-09-28,6634.58,221.84,3.05,2.19,3.19
2018-10-01,6611.61,231.61,3.09,2.23,3.24
2018-10-02,6525.79,225.69,3.05,2.23,3.2
2018-10-03,6510.0,220.77,3.15,2.23,3.3
2018-10-04,6593.79,222.66,3.19,2.22,3.35
2018-10-05,6635.65,228.37,3.23,2.23,3.4
2018-10-09,6656.61,228.4,3.21,2.25,3.37
2018-10-10,6631.0,226.74,3.22,2.27,3.39
2018-10-11,6252.68,191.58,3.14,2.27,3.32
2018-10-12,6298.01,196.96,3.15,2.28,3.32
2018-10-15,6752.5,214.39,3.16,2.31,3.34
2018-10-16,6759.27,215.09,3.16,2.3,3.32
2018-10-17,6740.89,212.85,3.19,2.31,3.35
2018-10-18,6618.96,206.24,3.17,2.32,3.36
2018-10-19,6528.88,205.0,3.2,2.31,3.38
2018-10-22,6581.2,206.67,3.2,2.34,3.38
2018-10-23,6553.51,205.85,3.17,2.33,3.37
2018-10-24,6565.5,205.35,3.1,2.34,3.33
2018-10-25,6528.09,203.93,3.14,2.34,3.35
2018-10-26,6538.63,204.92,3.08,2.33,3.32
2018-10-29,6344.5,196.96,3.08,2.34,3.33
2018-10-30,6330.87,197.27,3.12,2.33,3.36
2018-10-31,6371.93,198.73,3.15,2.34,3.39
2018-11-01,6410.0,199.96,3.14,2.32,3.38
2018-11-02,6433.98,202.35,3.22,2.33,3.46
2018-11-05,6468.99,210.66,3.2,2.36,3.43
2018-11-06,6519.11,220.74,3.22,2.35,3.43
2018-11-07,6578.46,219.07,3.22,2.37,3.43
2018-11-08,6479.84,212.79,3.24,2.35,3.43
2018-11-09,6419.99,210.77,3.19,2.36,3.4
2018-11-13,6457.66,209.84,3.14,2.38,3.36
2018-11-14,5922.41,187.43,3.12,2.38,3.35
2018-11-15,5753.4,184.35,3.11,2.37,3.36
2018-11-16,5655.94,176.89,3.08,2.36,3.33
2018-11-19,4910.03,150.81,3.06,2.38,3.32
2018-11-20,4558.86,133.82,3.06,2.39,3.31
2018-11-21,4661.07,138.23,3.06,2.41,3.31
2018-11-23,4420.61,125.02,3.05,2.41,3.31
2018-11-26,3862.2,110.68,3.07,2.41,3.32
2018-11-27,3875.21,111.43,3.06,2.41,3.32
2018-11-28,4264.85,122.9,3.06,2.4,3.34
2018-11-29,4295.84,117.98,3.03,2.37,3.33
2018-11-30,4041.32,113.73,3.01,2.37,3.3
2018-12-03,3884.01,108.76,2.98,2.38,3.27
2018-12-04,3951.64,109.94,2.91,2.42,3.16
2018-12-06,3508.75,91.0,2.87,2.41,3.14
2018-12-07,3403.55,93.05,2.85,2.4,3.14
2018-12-10,3432.88,89.91,2.85,2.41,3.13
2018-12-11,3380.39,87.76,2.89,2.41,3.13
2018-12-12,3445.0,89.41,2.91,2.43,3.15
2018-12-13,3302.06,86.34,2.91,2.43,3.16
2018-12-14,3224.17,83.82,2.89,2.42,3.14
2018-12-17,3509.08,94.02,2.86,2.4,3.11
2018-12-18,3652.98,100.39,2.82,2.39,3.07
2018-12-19,3662.22,98.74,2.77,2.4,3.0
2018-12-20,4049.62,114.05,2.79,2.39,3.02
2018-12-21,3838.66,107.69,2.79,2.39,3.03
2018-12-24,4008.01,138.03,2.74,2.45,3.0
2018-12-26,3777.74,129.35,2.81,2.44,3.06
2018-12-27,3567.91,113.8,2.77,2.41,3.05
2018-12-28,3839.26,135.3,2.72,2.4,3.04
2018-12-31,3702.9,131.45,2.69,2.45,3.02
2019-01-02,3858.56,152.01,2.66,2.42,2.97
2019-01-03,3766.78,146.3,2.56,2.41,2.92
2019-01-04,3792.01,151.97,2.67,2.42,2.98
2019-01-07,3975.45,149.34,2.7,2.45,2.99
2019-01-08,3955.13,147.6,2.73,2.46,3.0
2019-01-09,3966.65,148.1,2.74,2.45,3.03
2019-01-10,3585.88,124.95,2.74,2.43,3.06
2019-01-11,3601.31,124.65,2.71,2.43,3.04
2019-01-14,3626.09,126.95,2.71,2.45,3.06
2019-01-15,3553.06,118.95,2.72,2.45,3.08
2019-01-16,3591.84,121.48,2.73,2.43,3.07
2019-01-17,3616.21,121.54,2.75,2.42,3.07
2019-01-18,3594.87,119.17,2.79,2.41,3.09
2019-01-22,3570.93,117.81,2.74,2.43,3.06
2019-01-23,3552.82,116.44,2.76,2.41,3.07
2019-01-24,3569.62,116.39,2.72,2.37,3.04
2019-01-25,3565.29,115.11,2.76,2.39,3.06
2019-01-28,3434.15,105.5,2.75,2.42,3.06
2019-01-29,3411.04,104.45,2.72,2.42,3.04
2019-01-30,3458.18,108.29,2.7,2.42,3.06
2019-01-31,3434.1,106.44,2.63,2.41,2.99
2019-02-01,3462.07,106.73,2.7,2.4,3.03
2019-02-04,3463.22,107.68,2.73,2.42,3.06
2019-02-05,3471.59,107.27,2.71,2.42,3.03
2019-02-06,3405.37,104.5,2.7,2.42,3.03
2019-02-07,3398.4,104.48,2.65,2.42,3.0
2019-02-08,3659.04,119.25,2.63,2.43,2.97
2019-02-11,3631.05,120.89,2.65,2.45,3.0
2019-02-12,3631.46,122.41,2.68,2.43,3.02
2019-02-13,3609.4,121.86,2.71,2.44,3.04
2019-02-14,3590.56,120.42,2.66,2.43,3.01
2019-02-15,3602.47,121.67,2.66,2.43,3.0
2019-02-19,3907.79,143.44,2.65,2.45,2.99
2019-02-20,3969.74,148.44,2.65,2.45,3.0
2019-02-21,3937.31,145.69,2.69,2.45,3.05
2019-02-22,3962.0,147.36,2.65,2.46,3.02
2019-02-25,3827.92,137.87,2.67,2.47,3.03
2019-02-26,3809.23,136.22,2.64,2.45,3.01
2019-02-27,3818.07,135.02,2.69,2.45,3.07
2019-02-28,3813.69,135.34,2.73,2.45,3.09
2019-03-01,3823.0,135.32,2.76,2.44,3.13
2019-03-04,3715.3,125.65,2.72,2.46,3.09
2019-03-05,3857.73,136.72,2.72,2.46,3.08
2019-03-06,3861.84,137.4,2.69,2.47,3.06
2019-03-07,3873.64,136.81,2.64,2.45,3.03
2019-03-08,3864.89,133.52,2.62,2.46,3.0
2019-03-11,3871.61,132.67,2.64,2.46,3.03
2019-03-12,3882.73,133.57,2.61,2.46,3.0
2019-03-13,3866.0,131.65,2.61,2.45,3.02
2019-03-14,3877.12,132.2,2.63,2.45,3.04
2019-03-15,3923.76,136.56,2.59,2.45,3.02
2019-03-18,3987.81,137.59,2.6,2.44,3.01
2019-03-19,4015.53,138.55,2.61,2.46,3.02
2019-03-20,4043.04,139.01,2.54,2.48,2.98
2019-03-21,3980.64,134.85,2.54,2.49,2.96
2019-03-22,3986.93,135.98,2.44,2.46,2.88
2019-03-25,3936.12,133.98,2.43,2.46,2.87
2019-03-26,3948.55,134.18,2.41,2.46,2.86
2019-03-27,4038.05,139.45,2.39,2.44,2.83
2019-03-28,4027.81,137.86,2.39,2.43,2.81
2019-03-29,4103.25,143.25,2.41,2.4,2.81
2019-04-01,4144.56,141.24,2.49,2.43,2.89
2019-04-02,4857.29,163.31,2.48,2.42,2.88
2019-04-03,4932.6,159.96,2.52,2.44,2.93
2019-04-04,4898.66,157.36,2.51,2.44,2.92
2019-04-05,5004.95,164.77,2.5,2.44,2.91
2019-04-08,5236.9,178.72,2.52,2.43,2.93
2019-04-09,5150.0,174.6,2.51,2.42,2.92
2019-04-10,5308.25,177.12,2.48,2.43,2.9
2019-04-11,5017.37,164.07,2.51,2.43,2.94
2019-04-12,5048.01,163.19,2.56,2.44,2.97
2019-04-15,5024.95,159.95,2.55,2.43,2.96
2019-04-16,5173.72,165.37,2.6,2.43,2.99
2019-04-17,5202.82,165.75,2.59,2.44,2.99
2019-04-18,5258.44,173.33,2.57,2.42,2.96
2019-04-22,5357.14,170.52,2.59,2.44,2.99
2019-04-23,5493.31,169.16,2.57,2.45,2.98
2019-04-24,5415.0,164.78,2.53,2.44,2.94
2019-04-25,5219.9,154.72,2.54,2.43,2.94
2019-04-26,5314.1,157.95,2.51,2.42,2.92
2019-04-29,5238.14,155.11,2.54,2.44,2.96
2019-04-30,5320.81,161.83,2.51,2.43,2.93
2019-05-01,5383.2,160.19,2.52,2.43,2.92
2019-05-02,5492.87,161.81,2.55,2.47,2.94
2019-05-03,5772.69,168.06,2.54,2.43,2.93
2019-05-06,5747.79,173.0,2.51,2.44,2.91
2019-05-07,5846.34,169.18,2.45,2.43,2.86
2019-05-08,5987.29,170.85,2.49,2.43,2.89
2019-05-09,6209.18,170.9,2.45,2.43,2.87
2019-05-10,6373.33,172.91,2.47,2.43,2.89
2019-05-13,7790.71,195.84,2.4,2.41,2.83
2019-05-14,7947.56,216.4,2.42,2.41,2.86
2019-05-15,8169.87,248.1,2.37,2.42,2.82
2019-05-16,7866.59,264.25,2.4,2.4,2.84
2019-05-17,7355.26,244.3,2.39,2.39,2.82
2019-05-20,7938.15,250.37,2.41,2.39,2.83
2019-05-21,7904.87,253.43,2.43,2.39,2.84
2019-05-22,7628.43,243.64,2.39,2.38,2.82
2019-05-23,7851.51,244.56,2.31,2.37,2.75
2019-05-24,7964.87,248.87,2.32,2.35,2.75
2019-05-28,8715.64,271.03,2.26,2.37,2.7
2019-05-29,8645.68,268.83,2.25,2.37,2.69
2019-05-30,8269.54,254.56,2.22,2.38,2.65
2019-05-31,8555.0,267.9,2.14,2.35,2.58
2019-06-03,8115.82,249.91,2.07,2.35,2.53
2019-06-04,7687.03,241.39,2.12,2.35,2.6
2019-06-05,7776.5,245.63,2.12,2.35,2.63
2019-06-06,7786.7,248.76,2.12,2.33,2.62
2019-06-07,7980.53,248.77,2.09,2.28,2.57
2019-06-10,7982.75,246.51,2.15,2.29,2.62
2019-06-11,7884.9,244.29,2.15,2.27,2.62
2019-06-12,8127.64,261.15,2.13,2.24,2.62
2019-06-13,8218.54,254.67,2.1,2.19,2.61
2019-06-14,8650.0,262.47,2.09,2.2,2.59
2019-06-17,9313.96,273.16,2.09,2.23,2.58
2019-06-18,9081.55,264.66,2.06,2.22,2.55
2019-06-19,9255.49,268.14,2.03,2.18,2.54
2019-06-20,9517.12,271.22,2.01,2.14,2.53
2019-06-21,10159.86,294.35,2.07,2.11,2.59
2019-06-24,11056.59,311.64,2.02,2.13,2.55
2019-06-25,11820.86,318.26,2.0,2.12,2.53
2019-06-26,13093.8,339.39,2.05,2.15,2.57
2019-06-27,11329.99,298.35,2.01,2.14,2.52
2019-06-28,12400.63,311.05,2.0,2.12,2.52
2019-07-01,10624.93,295.07,2.03,2.21,2.55
2019-07-02,10842.85,291.48,1.98,2.2,2.51
2019-07-03,11940.0,301.14,1.96,2.21,2.47
2019-07-05,10970.73,287.47,2.04,2.23,2.54
2019-07-08,12238.6,311.97,2.05,2.26,2.53
2019-07-09,12543.41,307.46,2.07,2.26,2.54
2019-07-10,12108.37,289.23,2.07,2.2,2.57
2019-07-11,11342.89,268.63,2.13,2.17,2.65
2019-07-12,11757.22,274.62,2.12,2.14,2.64
2019-07-15,10838.72,228.2,2.09,2.16,2.61
2019-07-16,9439.59,198.88,2.13,2.15,2.63
2019-07-17,9667.92,210.81,2.06,2.14,2.57
2019-07-18,10627.16,225.73,2.04,2.05,2.56
2019-07-19,10504.29,220.73,2.05,2.06,2.57
2019-07-22,10340.31,217.51,2.05,2.09,2.58
2019-07-23,9864.91,212.48,2.08,2.06,2.61
2019-07-24,9763.28,216.31,2.05,2.1,2.58
2019-07-25,9879.87,219.14,2.08,2.1,2.6
2019-07-26,9824.0,218.81,2.08,2.12,2.59
2019-07-29,9507.64,210.89,2.06,2.12,2.59
2019-07-30,9574.21,209.58,2.06,2.08,2.58
2019-07-31,10080.53,218.42,2.02,2.08,2.53
2019-08-01,10374.99,216.84,1.9,2.07,2.44
2019-08-02,10523.75,217.61,1.86,2.06,2.39
2019-08-05,11828.8,233.54,1.75,2.05,2.3
2019-08-06,11481.69,226.28,1.73,2.05,2.25
2019-08-07,11975.03,226.1,1.71,2.02,2.22
2019-08-08,11999.77,221.39,1.72,2.02,2.25
2019-08-09,11879.99,210.53,1.74,2.0,2.26
2019-08-12,11396.08,211.41,1.65,2.0,2.14
2019-08-13,10892.71,209.3,1.68,2.0,2.15
2019-08-14,10050.37,187.1,1.59,1.96,2.03
2019-08-15,10293.93,188.03,1.52,1.91,1.98
2019-08-16,10331.54,184.88,1.55,1.87,2.01
2019-08-19,10915.54,202.28,1.6,1.94,2.08
2019-08-20,10760.51,196.6,1.55,1.94,2.04
2019-08-21,10142.57,187.45,1.59,1.97,2.07
2019-08-22,10099.88,190.35,1.62,2.0,2.11
2019-08-23,10389.55,194.02,1.52,1.97,2.02
2019-08-26,10372.25,188.67,1.54,2.01,2.04
2019-08-27,10185.05,187.24,1.49,1.98,1.97
2019-08-28,9721.0,173.03,1.47,1.99,1.94
2019-08-29,9498.44,169.01,1.5,1.99,1.97
2019-08-30,9584.54,168.5,1.5,1.99,1.96
2019-09-03,10615.28,178.75,1.47,1.98,1.95
2019-09-04,10567.02,174.72,1.47,1.97,1.97
2019-09-05,10564.49,173.75,1.57,1.97,2.06
2019-09-06,10298.73,169.08,1.55,1.96,2.02
2019-09-09,10303.12,180.54,1.63,1.96,2.11
2019-09-10,10098.15,179.81,1.72,1.95,2.19
2019-09-11,10158.33,178.28,1.75,1.96,2.22
2019-09-12,10415.01,180.72,1.79,1.95,2.22
2019-09-13,10342.06,180.95,1.9,1.96,2.37
2019-09-16,10251.31,197.22,1.84,1.99,2.31
2019-09-17,10187.82,207.84,1.81,1.99,2.27
2019-09-18,10156.99,210.21,1.8,1.95,2.25
2019-09-19,10244.29,220.24,1.79,1.93,2.22
2019-09-20,10168.59,218.03,1.74,1.91,2.17
2019-09-23,9702.25,201.29,1.72,1.94,2.16
2019-09-24,8493.14,165.81,1.64,1.92,2.09
2019-09-25,8430.05,169.96,1.73,1.89,2.18
2019-09-26,8063.73,165.92,1.7,1.83,2.15
2019-09-27,8177.91,173.79,1.69,1.8,2.13
2019-09-30,8289.34,180.85,1.68,1.88,2.12
2019-10-01,8292.44,175.66,1.65,1.82,2.11
2019-10-02,8359.94,180.24,1.6,1.79,2.09
2019-10-03,8223.96,174.69,1.54,1.7,2.04
2019-10-04,8137.13,175.55,1.52,1.71,2.01
2019-10-07,8190.09,179.85,1.56,1.75,2.05
2019-10-08,8168.39,180.6,1.54,1.72,2.04
2019-10-09,8560.74,192.62,1.59,1.69,2.08
2019-10-10,8558.03,191.14,1.67,1.68,2.16
2019-10-11,8258.5,180.72,1.76,1.68,2.22
2019-10-15,8159.29,180.49,1.77,1.67,2.23
2019-10-16,7991.74,174.47,1.75,1.66,2.23
2019-10-17,8070.58,177.16,1.76,1.66,2.24
2019-10-18,7947.01,172.74,1.76,1.66,2.25
2019-10-21,8197.27,173.98,1.8,1.67,2.28
2019-10-22,8020.0,171.2,1.78,1.65,2.26
2019-10-23,7466.62,162.35,1.77,1.65,2.25
2019-10-24,7412.41,160.38,1.77,1.67,2.26
2019-10-25,8655.02,181.5,1.8,1.66,2.29
2019-10-28,9205.14,181.72,1.85,1.65,2.34
2019-10-29,9407.62,190.46,1.84,1.63,2.33
2019-10-30,9154.72,183.13,1.78,1.62,2.26
2019-10-31,9140.85,182.18,1.69,1.54,2.17
2019-11-01,9231.61,182.85,1.73,1.52,2.21
2019-11-04,9393.35,185.71,1.79,1.53,2.27
2019-11-05,9308.66,188.68,1.86,1.56,2.34
2019-11-06,9339.05,191.16,1.81,1.56,2.3
2019-11-07,9216.2,186.68,1.92,1.56,2.4
2019-11-08,8773.73,183.74,1.94,1.55,2.43
2019-11-12,8821.94,187.09,1.92,1.59,2.39
2019-11-13,8777.12,188.11,1.88,1.57,2.36
2019-11-14,8646.68,184.92,1.82,1.57,2.31
2019-11-15,8471.73,180.0,1.84,1.57,2.31
2019-11-18,8187.17,178.2,1.81,1.57,2.3
2019-11-19,8133.64,175.94,1.79,1.57,2.26
2019-11-20,8098.01,174.72,1.73,1.57,2.2
2019-11-21,7627.74,161.01,1.77,1.58,2.24
2019-11-22,7268.23,149.56,1.77,1.58,2.22
2019-11-25,7109.57,145.69,1.76,1.61,2.21
2019-11-26,7156.14,147.47,1.74,1.6,2.18
2019-11-27,7508.52,152.62,1.77,1.62,2.19
2019-11-29,7739.68,154.57,1.78,1.59,2.21
2019-12-02,7294.28,148.65,1.83,1.6,2.28
2019-12-03,7292.71,147.17,1.72,1.57,2.17
2019-12-04,7194.32,145.38,1.77,1.55,2.22
2019-12-05,7389.0,148.1,1.8,1.54,2.24
2019-12-06,7527.47,148.45,1.84,1.53,2.29
2019-12-09,7338.64,147.38,1.83,1.54,2.27
2019-12-10,7224.13,145.56,1.85,1.56,2.26
2019-12-11,7210.0,143.39,1.79,1.57,2.23
2019-12-12,7198.08,144.87,1.9,1.56,2.32
2019-12-13,7258.48,144.8,1.82,1.57,2.26
2019-12-16,6891.72,132.73,1.89,1.57,2.3
2019-12-17,6623.82,121.88,1.89,1.56,2.31
2019-12-18,7277.83,132.78,1.92,1.56,2.35
2019-12-19,7150.3,128.1,1.92,1.57,2.35
2019-12-20,7187.83,128.19,1.92,1.58,2.34
2019-12-23,7317.09,127.8,1.93,1.59,2.35
2019-12-24,7255.77,127.75,1.9,1.58,2.33
2019-12-26,7202.0,125.58,1.9,1.58,2.33
2019-12-27,7254.74,126.29,1.88,1.57,2.32
2019-12-30,7246.0,131.59,1.9,1.57,2.34
2019-12-31,7195.23,129.16,1.92,1.55,2.39
2020-01-02,6965.71,127.19,1.88,1.54,2.33
2020-01-03,7344.96,134.35,1.8,1.52,2.26
2020-01-06,7758.0,144.15,1.81,1.56,2.28
2020-01-07,8145.28,142.8,1.83,1.54,2.31
2020-01-08,8055.98,140.72,1.87,1.54,2.35
2020-01-09,7817.76,137.74,1.85,1.54,2.38
2020-01-10,8197.02,144.84,1.83,1.54,2.28
2020-01-13,8110.34,143.58,1.85,1.57,2.3
2020-01-14,8810.01,165.64,1.82,1.57,2.27
2020-01-15,8821.41,166.4,1.79,1.57,2.23
2020-01-16,8720.01,164.21,1.81,1.55,2.26
2020-01-17,8913.28,169.85,1.84,1.56,2.29
2020-01-21,8736.03,169.49,1.78,1.56,2.23
2020-01-22,8682.36,168.07,1.77,1.55,2.22
2020-01-23,8404.52,162.81,1.74,1.55,2.18
2020-01-24,8439.0,162.54,1.7,1.54,2.14
2020-01-27,8907.57,170.08,1.61,1.55,2.05
2020-01-28,9374.21,175.64,1.65,1.57,2.1
2020-01-29,9301.53,173.72,1.6,1.56,2.05
2020-01-30,9513.21,184.69,1.57,1.57,2.04
2020-01-31,9352.89,179.99,1.51,1.55,1.99
2020-02-03,9292.24,189.69,1.54,1.57,2.01
2020-02-04,9197.02,188.91,1.61,1.57,2.08
2020-02-05,9612.04,203.78,1.66,1.57,2.14
2020-02-06,9772.0,213.19,1.65,1.57,2.11
2020-02-07,9813.73,223.33,1.59,1.56,2.05
2020-02-10,9851.83,222.89,1.56,1.58,2.03
2020-02-11,10223.08,236.69,1.59,1.57,2.05
2020-02-12,10326.46,265.74,1.62,1.58,2.09
2020-02-13,10229.63,268.32,1.61,1.59,2.07
2020-02-14,10344.36,285.15,1.59,1.58,2.04
2020-02-18,10164.71,282.61,1.55,1.58,2.0
2020-02-19,9593.79,258.45,1.56,1.58,2.01
2020-02-20,9596.42,256.96,1.52,1.58,1.97
2020-02-21,9677.05,265.27,1.46,1.56,1.9
2020-02-24,9656.13,265.52,1.38,1.53,1.84
2020-02-25,9315.84,246.67,1.33,1.53,1.8
2020-02-26,8785.25,223.93,1.33,1.53,1.81
2020-02-27,8823.21,227.79,1.3,1.45,1.79
2020-02-28,8692.91,226.76,1.13,1.27,1.65
2020-03-02,8915.24,231.97,1.1,1.13,1.66
2020-03-03,8760.07,223.91,1.02,0.95,1.64
2020-03-04,8750.87,224.26,1.02,0.72,1.67
2020-03-05,9054.68,228.38,0.92,0.62,1.56
2020-03-06,9131.88,244.88,0.74,0.45,1.25
2020-03-09,7929.87,202.81,0.54,0.33,0.99
2020-03-10,7894.56,200.7,0.76,0.44,1.28
2020-03-11,7934.52,194.61,0.82,0.42,1.3
2020-03-12,4800.0,107.82,0.88,0.33,1.49
2020-03-13,5578.6,134.06,0.94,0.28,1.56
2020-03-16,5028.97,111.02,0.73,0.24,1.34
2020-03-17,5312.64,115.67,1.02,0.19,1.63
2020-03-18,5393.04,118.11,1.18,0.02,1.77
2020-03-19,6162.37,136.3,1.12,0.04,1.78
2020-03-20,6208.36,133.48,0.92,0.05,1.55
2020-03-23,6467.31,135.92,0.76,0.02,1.33
2020-03-24,6744.72,138.42,0.84,0.01,1.39
2020-03-25,6677.43,136.1,0.88,0.0,1.45
2020-03-26,6737.36,138.4,0.83,0.0,1.42
2020-03-27,6359.11,131.33,0.72,0.03,1.29
2020-03-30,6394.38,132.06,0.7,0.12,1.31
2020-03-31,6410.44,132.72,0.7,0.11,1.35
2020-04-01,6642.92,135.69,0.62,0.09,1.27
2020-04-02,6794.09,141.28,0.63,0.09,1.26
2020-04-03,6734.1,141.31,0.62,0.1,1.24
2020-04-06,7329.9,171.32,0.67,0.15,1.27
2020-04-07,7197.32,164.63,0.75,0.14,1.32
2020-04-08,7361.28,173.11,0.77,0.22,1.37
2020-04-09,7283.54,169.52,0.73,0.25,1.35
2020-04-13,6837.91,156.29,0.76,0.26,1.39
2020-04-14,6868.7,158.45,0.76,0.2,1.41
2020-04-15,6621.24,152.73,0.63,0.14,1.27
2020-04-16,7101.94,172.29,0.61,0.14,1.21
2020-04-17,7027.55,170.69,0.65,0.12,1.27
2020-04-20,6826.83,170.2,0.63,0.12,1.23
2020-04-21,6841.37,170.74,0.58,0.11,1.17
2020-04-22,7125.14,182.7,0.63,0.12,1.22
2020-04-23,7482.39,185.51,0.61,0.11,1.18
2020-04-24,7505.0,187.59,0.6,0.12,1.17
2020-04-27,7774.62,196.34,0.67,0.12,1.25
2020-04-28,7738.98,196.24,0.62,0.11,1.2
2020-04-29,8778.57,215.36,0.63,0.1,1.24
2020-04-30,8620.0,206.08,0.64,0.09,1.28
2020-05-01,8826.96,212.02,0.64,0.12,1.27
2020-05-04,8871.96,206.48,0.64,0.13,1.29
2020-05-05,9021.83,205.29,0.66,0.13,1.32
2020-05-06,9142.92,198.97,0.72,0.12,1.41
2020-05-07,9986.4,212.0,0.63,0.11,1.31
2020-05-08,9800.01,211.31,0.69,0.12,1.39
2020-05-11,8561.52,185.73,0.73,0.12,1.43
2020-05-12,8810.79,189.76,0.69,0.13,1.38
2020-05-13,9309.37,199.58,0.64,0.13,1.35
2020-05-14,9791.98,203.29,0.63,0.12,1.3
2020-05-15,9316.42,194.86,0.64,0.12,1.32
2020-05-18,9733.93,214.91,0.73,0.13,1.44
2020-05-19,9775.53,214.58,0.7,0.13,1.43
2020-05-20,9511.43,209.98,0.68,0.12,1.4
2020-05-21,9068.65,198.74,0.68,0.12,1.4
2020-05-22,9170.0,207.36,0.66,0.12,1.37
2020-05-26,8841.18,200.89,0.69,0.14,1.43
2020-05-27,9204.07,208.29,0.68,0.15,1.44
2020-05-28,9575.89,220.21,0.7,0.15,1.47
2020-05-29,9427.07,220.67,0.65,0.14,1.41
2020-06-01,10200.77,248.23,0.66,0.14,1.46
2020-06-02,9518.04,237.71,0.68,0.15,1.48
2020-06-03,9666.24,244.52,0.77,0.16,1.56
2020-06-04,9789.06,243.21,0.82,0.15,1.61
2020-06-05,9621.16,240.03,0.91,0.15,1.68
2020-06-08,9782.01,246.4,0.88,0.17,1.65
2020-06-09,9772.43,243.8,0.84,0.19,1.59
2020-06-10,9885.0,247.78,0.75,0.17,1.53
2020-06-11,9280.4,230.51,0.66,0.17,1.41
2020-06-12,9465.13,237.55,0.71,0.16,1.45
2020-06-15,9426.02,230.86,0.71,0.18,1.45
2020-06-16,9525.59,235.3,0.75,0.17,1.54
2020-06-17,9465.14,233.82,0.74,0.17,1.52
2020-06-18,9386.32,231.27,0.71,0.16,1.47
2020-06-19,9310.23,229.0,0.7,0.15,1.47
2020-06-22,9685.69,243.13,0.71,0.16,1.46
2020-06-23,9624.89,243.14,0.72,0.16,1.49
2020-06-24,9296.49,234.58,0.69,0.15,1.44
2020-06-25,9249.49,232.5,0.68,0.16,1.43
2020-06-26,9162.21,229.64,0.64,0.14,1.37
2020-06-29,9192.56,227.93,0.64,0.14,1.39
2020-06-30,9138.55,225.6,0.66,0.16,1.41
2020-07-01,9232.0,230.99,0.69,0.14,1.43
2020-07-02,9086.54,226.46,0.68,0.14,1.43
2020-07-06,9344.2,241.6,0.69,0.15,1.45
2020-07-07,9257.39,239.39,0.65,0.15,1.38
2020-07-08,9436.06,246.95,0.67,0.15,1.39
2020-07-09,9232.43,241.98,0.62,0.13,1.32
2020-07-10,9288.34,241.26,0.65,0.13,1.33
2020-07-13,9242.62,239.5,0.64,0.14,1.33
2020-07-14,9255.85,240.44,0.63,0.15,1.3
2020-07-15,9197.6,238.61,0.64,0.16,1.33
2020-07-16,9133.72,233.57,0.62,0.11,1.31
2020-07-17,9154.32,232.67,0.64,0.11,1.33
2020-07-20,9160.78,236.01,0.62,0.13,1.32
2020-07-21,9390.0,245.59,0.61,0.13,1.31
2020-07-22,9518.16,263.74,0.6,0.13,1.29
2020-07-23,9603.27,275.3,0.59,0.12,1.24
2020-07-24,9537.8,279.15,0.59,0.11,1.23
2020-07-27,11029.96,321.93,0.62,0.11,1.25
2020-07-28,10906.27,316.77,0.59,0.11,1.22
2020-07-29,11100.53,317.71,0.58,0.11,1.24
2020-07-30,11099.61,334.87,0.55,0.09,1.2
2020-07-31,11335.46,346.33,0.55,0.09,1.2
2020-08-03,11219.81,385.94,0.56,0.1,1.23
2020-08-04,11191.97,389.61,0.52,0.09,1.19
2020-08-05,11744.91,400.72,0.55,0.1,1.22
2020-08-06,11762.46,394.77,0.55,0.1,1.2
2020-08-07,11594.23,379.34,0.57,0.1,1.23
2020-08-10,11892.92,395.44,0.59,0.11,1.25
2020-08-11,11392.08,379.0,0.64,0.11,1.32
2020-08-12,11564.33,387.18,0.69,0.11,1.37
2020-08-13,11780.0,424.54,0.71,0.1,1.42
2020-08-14,11760.54,438.11,0.71,0.1,1.45
2020-08-17,12281.13,430.89,0.69,0.1,1.43
2020-08-18,11945.01,421.95,0.67,0.09,1.4
2020-08-19,11754.59,407.46,0.68,0.11,1.42
2020-08-20,11853.55,415.94,0.65,0.11,1.38
2020-08-21,11531.34,387.97,0.64,0.1,1.35
2020-08-24,11748.2,407.68,0.65,0.12,1.35
2020-08-25,11318.42,382.93,0.69,0.11,1.39
2020-08-26,11461.43,385.81,0.69,0.11,1.41
2020-08-27,11330.38,383.27,0.74,0.11,1.5
2020-08-28,11526.91,395.11,0.74,0.1,1.52
2020-08-31,11649.51,433.79,0.72,0.11,1.49
2020-09-01,11921.97,475.4,0.68,0.12,1.43
2020-09-02,11388.54,439.5,0.66,0.12,1.38
2020-09-03,10140.85,381.4,0.63,0.11,1.34
2020-09-04,10446.25,385.26,0.72,0.11,1.46
2020-09-08,10126.65,337.39,0.69,0.13,1.43
2020-09-09,10219.2,350.85,0.71,0.12,1.45
2020-09-10,10336.87,367.93,0.68,0.12,1.43
2020-09-11,10387.89,373.63,0.67,0.11,1.42
2020-09-14,10671.77,377.12,0.68,0.11,1.42
2020-09-15,10785.31,364.06,0.68,0.11,1.43
2020-09-16,10954.01,365.11,0.69,0.12,1.45
2020-09-17,10939.99,389.36,0.69,0.09,1.43
2020-09-18,10933.39,384.39,0.7,0.1,1.45
2020-09-21,10417.22,340.36,0.68,0.1,1.43
2020-09-22,10529.61,344.21,0.68,0.1,1.42
2020-09-23,10241.46,320.72,0.68,0.11,1.42
2020-09-24,10736.32,348.97,0.67,0.1,1.4
2020-09-25,10686.67,351.92,0.66,0.1,1.4
2020-09-28,10696.12,353.96,0.67,0.11,1.42
2020-09-29,10840.48,359.79,0.66,0.09,1.41
2020-09-30,10776.59,359.83,0.69,0.1,1.46
2020-10-01,10619.13,352.85,0.68,0.09,1.45
2020-10-02,10570.4,345.6,0.7,0.09,1.48
2020-10-05,10792.21,353.62,0.78,0.1,1.57
2020-10-06,10599.66,340.75,0.76,0.1,1.56
2020-10-07,10666.39,341.58,0.81,0.1,1.6
2020-10-08,10925.57,350.95,0.78,0.09,1.57
2020-10-09,11050.64,365.02,0.79,0.1,1.58
2020-10-13,11420.56,381.04,0.74,0.11,1.52
2020-10-14,11417.89,378.69,0.73,0.12,1.5
2020-10-15,11505.12,377.64,0.74,0.11,1.52
2020-10-16,11319.32,365.5,0.76,0.11,1.52
2020-10-19,11751.47,379.3,0.78,0.11,1.55
2020-10-20,11909.99,368.52,0.81,0.1,1.6
2020-10-21,12780.96,390.38,0.83,0.1,1.62
2020-10-22,12968.52,413.98,0.87,0.09,1.67
2020-10-23,12923.07,409.11,0.85,0.1,1.64
2020-10-26,13052.19,392.52,0.81,0.11,1.59
2020-10-27,13636.17,403.45,0.79,0.1,1.57
2020-10-28,13266.4,388.23,0.79,0.1,1.56
2020-10-29,13455.7,387.13,0.85,0.09,1.62
2020-10-30,13560.1,382.49,0.88,0.09,1.65
2020-11-02,13549.37,383.02,0.87,0.09,1.63
2020-11-03,14023.53,387.88,0.9,0.1,1.66
2020-11-04,14144.01,402.49,0.78,0.1,1.55
2020-11-05,15590.02,416.69,0.79,0.1,1.54
2020-11-06,15579.92,455.91,0.83,0.1,1.6
2020-11-09,15328.41,444.32,0.96,0.11,1.73
2020-11-10,15297.21,450.34,0.98,0.1,1.75
2020-11-12,16291.86,462.39,0.88,0.1,1.64
2020-11-13,16320.7,476.43,0.89,0.09,1.65
2020-11-16,16713.57,460.55,0.91,0.09,1.66
2020-11-17,17659.38,482.15,0.87,0.09,1.62
2020-11-18,17776.12,478.41,0.88,0.09,1.62
2020-11-19,17802.82,471.25,0.86,0.07,1.58
2020-11-20,18655.67,510.12,0.83,0.07,1.53
2020-11-23,18368.0,608.58,0.86,0.08,1.56
2020-11-24,19160.01,604.97,0.88,0.09,1.6
2020-11-25,18719.11,569.5,0.88,0.09,1.62
2020-11-27,17139.52,518.68,0.84,0.09,1.57
2020-11-30,19695.87,616.66,0.84,0.08,1.58
2020-12-01,18764.96,585.26,0.92,0.09,1.66
2020-12-02,19204.09,596.89,0.95,0.09,1.7
2020-12-03,19421.9,615.85,0.92,0.08,1.67
2020-12-04,18650.52,567.24,0.97,0.09,1.73
2020-12-07,19166.9,591.28,0.94,0.08,1.69
2020-12-08,18324.11,554.94,0.92,0.09,1.67
2020-12-09,18541.28,573.09,0.95,0.08,1.69
2020-12-10,18254.63,558.99,0.92,0.08,1.65
2020-12-11,18036.53,544.43,0.9,0.08,1.63
2020-12-14,19273.14,586.29,0.9,0.09,1.63
2020-12-15,19426.43,588.64,0.92,0.08,1.65
2020-12-16,21335.52,637.18,0.92,0.09,1.66
2020-12-17,22797.16,642.7,0.94,0.08,1.68
2020-12-18,23107.39,653.85,0.95,0.08,1.7
2020-12-21,22719.71,607.58,0.95,0.09,1.68
2020-12-22,23810.79,636.45,0.93,0.09,1.65
2020-12-23,23232.76,585.56,0.96,0.09,1.7
2020-12-24,23729.2,612.31,0.94,0.09,1.66
2020-12-28,27079.41,730.41,0.94,0.11,1.67
2020-12-29,27385.0,732.0,0.94,0.1,1.67
2020-12-30,28875.54,752.17,0.93,0.08,1.66
2020-12-31,28923.63,736.42,0.93,0.09,1.65
2021-01-04,31988.71,1041.43,0.93,0.09,1.66
2021-01-05,33949.53,1099.56,0.96,0.09,1.7
2021-01-06,36769.36,1208.42,1.04,0.09,1.81
2021-01-07,39432.28,1224.87,1.08,0.09,1.85
2021-01-08,40582.81,1216.93,1.13,0.08,1.87
2021-01-11,35404.47,1087.01,1.15,0.08,1.88
2021-01-12,34051.24,1050.16,1.15,0.09,1.88
2021-01-13,37371.38,1129.89,1.1,0.09,1.82
2021-01-14,39144.5,1231.62,1.15,0.09,1.88
2021-01-15,36742.22,1168.53,1.11,0.09,1.85
2021-01-19,35891.49,1365.36,1.1,0.09,1.84
2021-01-20,35468.23,1376.99,1.1,0.08,1.84
2021-01-21,30850.13,1110.96,1.12,0.09,1.87
2021-01-22,32945.17,1232.62,1.1,0.08,1.85
2021-01-25,32254.2,1317.88,1.05,0.09,1.8
2021-01-26,32467.77,1365.97,1.05,0.07,1.8
2021-01-27,30366.15,1239.03,1.04,0.08,1.79
2021-01-28,33364.86,1329.69,1.07,0.07,1.81
2021-01-29,34252.2,1379.5,1.11,0.06,1.87
2021-02-01,33526.37,1374.17,1.09,0.07,1.84
2021-02-02,35466.24,1511.87,1.12,0.07,1.87
2021-02-03,37618.87,1664.49,1.15,0.04,1.92
2021-02-04,36936.66,1595.67,1.15,0.04,1.93
2021-02-05,38290.24,1719.19,1.19,0.03,1.97
2021-02-08,46374.87,1750.15,1.19,0.05,1.96
2021-02-09,46420.42,1769.13,1.18,0.04,1.95
2021-02-10,44807.58,1740.78,1.15,0.05,1.92
2021-02-11,47969.51,1785.62,1.16,0.05,1.94
2021-02-12,47287.6,1840.26,1.2,0.04,2.01
2021-02-16,49133.45,1781.99,1.3,0.04,2.08
2021-02-17,52119.71,1849.88,1.29,0.04,2.06
2021-02-18,51552.6,1939.61,1.29,0.03,2.08
2021-02-19,55906.0,1955.0,1.34,0.04,2.14
2021-02-22,54087.67,1777.58,1.37,0.03,2.19
2021-02-23,48891.0,1577.89,1.37,0.04,2.21
2021-02-24,49676.2,1623.39,1.38,0.03,2.24
2021-02-25,47073.73,1481.75,1.54,0.04,2.33
2021-02-26,46276.87,1444.59,1.44,0.04,2.17
2021-03-01,49587.03,1569.86,1.45,0.05,2.23
2021-03-02,48440.65,1486.78,1.42,0.04,2.21
2021-03-03,50349.37,1567.69,1.47,0.05,2.25
2021-03-04,48374.09,1539.23,1.54,0.04,2.3
2021-03-05,48751.71,1528.31,1.56,0.04,2.28
2021-03-08,52375.17,1833.18,1.59,0.05,2.31
2021-03-09,54884.5,1870.51,1.55,0.05,2.26
2021-03-10,55851.59,1795.12,1.53,0.04,2.24
2021-03-11,57773.16,1825.78,1.54,0.04,2.29
2021-03-12,57221.72,1766.1,1.64,0.04,2.4
2021-03-15,55605.2,1793.48,1.62,0.04,2.37
2021-03-16,56900.75,1805.12,1.62,0.02,2.38
2021-03-17,58912.97,1823.58,1.63,0.02,2.42
2021-03-18,57648.16,1776.08,1.71,0.01,2.45
2021-03-19,58030.01,1809.1,1.74,0.01,2.45
2021-03-22,54083.25,1680.97,1.69,0.03,2.38
2021-03-23,54340.89,1668.08,1.63,0.01,2.34
2021-03-24,52303.65,1581.84,1.62,0.02,2.31
2021-03-25,51293.78,1585.74,1.63,0.02,2.34
2021-03-26,55025.59,1698.84,1.67,0.02,2.37
2021-03-29,57635.47,1816.74,1.73,0.03,2.43
2021-03-30,58746.57,1840.46,1.73,0.02,2.38
2021-03-31,58740.55,1919.37,1.74,0.03,2.41
2021-04-01,58720.44,1968.05,1.69,0.02,2.34
2021-04-02,58950.01,2133.69,1.72,0.02,2.35
2021-04-05,59129.99,2107.38,1.73,0.03,2.36
2021-04-06,57991.15,2112.21,1.67,0.02,2.32
2021-04-07,55953.45,1963.47,1.68,0.02,2.35
2021-04-08,58077.52,2080.46,1.64,0.01,2.32
2021-04-09,58142.54,2066.87,1.67,0.02,2.34
2021-04-12,59860.0,2137.69,1.69,0.02,2.34
2021-04-13,63575.0,2299.19,1.64,0.03,2.32
2021-04-14,62959.53,2432.6,1.64,0.02,2.32
2021-04-15,63159.98,2514.04,1.56,0.02,2.23
2021-04-16,61334.8,2422.67,1.59,0.02,2.26
2021-04-19,55633.14,2161.12,1.61,0.02,2.29
2021-04-20,56425.0,2330.03,1.58,0.03,2.27
2021-04-21,53787.63,2357.06,1.57,0.03,2.26
2021-04-22,51690.96,2397.94,1.57,0.03,2.24
2021-04-23,51125.14,2367.39,1.58,0.03,2.25
2021-04-26,54001.39,2532.6,1.58,0.03,2.24
2021-04-27,55011.97,2666.13,1.63,0.01,2.29
2021-04-28,54846.22,2748.24,1.63,0.01,2.29
2021-04-29,53555.0,2757.04,1.65,0.01,2.31
2021-04-30,57694.27,2772.42,1.65,0.01,2.3
2021-05-03,57169.39,3431.04,1.63,0.04,2.3
2021-05-04,53200.01,3239.01,1.61,0.02,2.27
2021-05-05,57436.11,3524.26,1.59,0.02,2.25
2021-05-06,56393.68,3489.73,1.58,0.02,2.24
2021-05-07,57314.75,3479.53,1.6,0.02,2.28
2021-05-10,55816.14,3945.88,1.63,0.02,2.32
2021-05-11,56670.02,4173.45,1.64,0.01,2.35
2021-05-12,49631.32,3823.21,1.69,0.02,2.4
2021-05-13,49670.97,3717.91,1.66,0.02,2.39
2021-05-14,49841.45,4075.01,1.63,0.01,2.35
2021-05-17,43538.04,3282.51,1.64,0.02,2.36
2021-05-18,42849.78,3375.07,1.64,0.02,2.37
2021-05-19,36690.09,2438.92,1.68,0.01,2.38
2021-05-20,40526.64,2768.62,1.63,0.01,2.34
2021-05-21,37252.01,2430.98,1.63,0.01,2.33
2021-05-24,38796.29,2648.43,1.61,0.02,2.31
2021-05-25,38324.72,2705.11,1.56,0.02,2.26
2021-05-26,39241.91,2884.94,1.58,0.02,2.27
2021-05-27,38529.98,2742.23,1.61,0.02,2.29
2021-05-28,35663.49,2412.1,1.58,0.01,2.26
2021-06-01,36693.09,2634.57,1.62,0.02,2.3
2021-06-02,37568.68,2706.22,1.59,0.02,2.28
2021-06-03,39246.79,2857.25,1.63,0.02,2.3
2021-06-04,36829.0,2689.51,1.56,0.02,2.24
2021-06-07,33552.79,2592.05,1.57,0.02,2.25
2021-06-08,33380.81,2507.23,1.53,0.02,2.21
2021-06-09,37388.05,2610.18,1.5,0.03,2.17
2021-06-10,36675.72,2471.09,1.45,0.03,2.15
2021-06-11,37331.98,2354.01,1.47,0.03,2.15
2021-06-14,40516.29,2580.77,1.51,0.03,2.19
2021-06-15,40144.04,2543.54,1.51,0.03,2.2
2021-06-16,38349.01,2367.89,1.57,0.04,2.2
2021-06-17,38092.97,2373.28,1.52,0.04,2.11
2021-06-18,35819.84,2234.09,1.45,0.05,2.01
2021-06-21,31608.93,1885.49,1.5,0.05,2.11
2021-06-22,32509.56,1879.28,1.48,0.04,2.1
2021-06-23,33678.07,1968.14,1.5,0.05,2.11
2021-06-24,34663.09,1989.52,1.49,0.05,2.1
2021-06-25,31584.45,1808.82,1.54,0.06,2.16
2021-06-28,34494.89,2084.41,1.49,0.05,2.1
2021-06-29,35911.73,2165.33,1.49,0.04,2.1
2021-06-30,35045.0,2275.68,1.45,0.05,2.06
2021-07-01,33504.69,2106.41,1.48,0.05,2.07
2021-07-02,33786.55,2154.13,1.44,0.05,2.05
2021-07-06,34220.01,2322.5,1.37,0.05,2.0
2021-07-07,33862.12,2316.57,1.33,0.05,1.94
2021-07-08,32875.71,2116.33,1.3,0.06,1.91
2021-07-09,33815.81,2146.99,1.37,0.06,1.99
2021-07-12,33086.63,2031.58,1.38,0.05,2.0
2021-07-13,32729.77,1940.15,1.42,0.05,2.04
2021-07-14,32820.02,1994.58,1.37,0.06,1.98
2021-07-15,31880.0,1919.51,1.31,0.05,1.92
2021-07-16,31383.87,1876.26,1.31,0.05,1.93
2021-07-19,30839.65,1818.73,1.19,0.05,1.81
2021-07-20,29790.35,1786.03,1.23,0.05,1.88
2021-07-21,32144.51,1995.5,1.3,0.05,1.94
2021-07-22,32287.83,2024.56,1.27,0.05,1.9
2021-07-23,33634.09,2124.25,1.3,0.05,1.92
2021-07-26,37237.6,2228.08,1.29,0.05,1.93
2021-07-27,39457.87,2299.49,1.25,0.05,1.89
2021-07-28,40019.56,2300.9,1.26,0.05,1.9
2021-07-29,40016.48,2382.92,1.28,0.06,1.91
2021-07-30,42206.37,2461.81,1.24,0.06,1.89
2021-08-02,39147.82,2606.93,1.2,0.05,1.86
2021-08-03,38207.05,2509.04,1.19,0.05,1.85
2021-08-04,39723.18,2724.78,1.19,0.05,1.83
2021-08-05,40862.46,2826.99,1.23,0.05,1.86
2021-08-06,42836.87,2891.58,1.31,0.06,1.94
2021-08-09,46253.4,3160.52,1.33,0.06,1.96
2021-08-10,45584.99,3141.66,1.36,0.05,1.99
2021-08-11,45511.0,3160.5,1.35,0.05,1.99
2021-08-12,44399.0,3045.96,1.36,0.06,2.03
2021-08-13,47800.0,3322.32,1.29,0.06,1.94
2021-08-16,45901.29,3146.53,1.26,0.06,1.92
2021-08-17,44695.95,3011.72,1.26,0.07,1.92
2021-08-18,44705.29,3014.55,1.27,0.07,1.91
2021-08-19,46760.62,3184.12,1.24,0.06,1.88
2021-08-20,49322.47,3284.82,1.26,0.05,1.87
2021-08-23,49488.85,3321.28,1.25,0.05,1.87
2021-08-24,47674.01,3170.62,1.29,0.05,1.91
2021-08-25,48973.32,3226.87,1.35,0.06,1.96
2021-08-26,46843.87,3093.2,1.34,0.05,1.94
2021-08-27,49069.9,3273.45,1.31,0.05,1.91
2021-08-30,46982.91,3229.64,1.29,0.05,1.9
2021-08-31,47100.89,3429.2,1.3,0.04,1.92
2021-09-01,48810.52,3826.82,1.31,0.05,1.92
2021-09-02,49246.64,3785.82,1.29,0.05,1.9
2021-09-03,49999.14,3938.11,1.33,0.05,1.94
2021-09-07,46863.73,3434.57,1.38,0.05,1.99
2021-09-08,46048.31,3499.0,1.35,0.05,1.95
2021-09-09,46395.14,3424.93,1.3,0.04,1.9
2021-09-10,44850.91,3208.86,1.35,0.05,1.94
2021-09-13,44940.73,3285.35,1.33,0.06,1.91
2021-09-14,47111.52,3434.37,1.28,0.04,1.85
2021-09-15,48121.41,3613.55,1.31,0.04,1.87
2021-09-16,47737.82,3567.98,1.34,0.04,1.88
2021-09-17,47299.98,3399.81,1.37,0.04,1.91
2021-09-20,43015.62,2977.28,1.31,0.04,1.85
2021-09-21,40734.38,2765.9,1.33,0.03,1.86
2021-09-22,43543.61,3076.92,1.32,0.03,1.84
2021-09-23,44865.26,3152.5,1.41,0.03,1.92
2021-09-24,42810.57,2928.53,1.47,0.03,1.99
2021-09-27,42147.35,2925.59,1.48,0.04,1.99
2021-09-28,41026.54,2804.91,1.54,0.04,2.07
2021-09-29,41524.28,2850.45,1.55,0.04,2.09
2021-09-30,43824.1,3000.61,1.52,0.04,2.08
2021-10-01,48141.61,3309.91,1.48,0.04,2.04
2021-10-04,49224.94,3386.31,1.49,0.04,2.05
2021-10-05,51471.99,3515.27,1.54,0.04,2.1
2021-10-06,55315.0,3574.89,1.53,0.04,2.08
2021-10-07,53785.22,3587.47,1.58,0.05,2.13
2021-10-08,53951.43,3563.13,1.61,0.05,2.16
2021-10-12,55996.93,3491.46,1.59,0.06,2.1
2021-10-13,57367.0,3607.42,1.56,0.05,2.05
2021-10-14,57347.94,3790.82,1.52,0.05,2.02
2021-10-15,61672.42,3868.99,1.59,0.05,2.05
2021-10-18,62009.84,3744.96,1.59,0.06,2.01
2021-10-19,64280.59,3877.03,1.65,0.05,2.09
2021-10-20,66001.41,4161.15,1.65,0.05,2.12
2021-10-21,62193.15,4052.99,1.68,0.06,2.13
2021-10-22,60688.22,3972.2,1.66,0.06,2.08
2021-10-25,63078.78,4220.37,1.64,0.06,2.09
2021-10-26,60328.81,4131.52,1.63,0.06,2.05
2021-10-27,58413.44,3922.0,1.54,0.06,1.95
2021-10-28,60575.89,4286.02,1.57,0.06,1.96
2021-10-29,62253.71,4418.89,1.55,0.05,1.93
2021-11-01,60911.11,4319.43,1.58,0.05,1.98
2021-11-02,63219.99,4589.89,1.56,0.05,1.96
2021-11-03,62896.48,4603.35,1.6,0.05,2.0
2021-11-04,61395.01,4532.32,1.53,0.04,1.96
2021-11-05,60937.12,4474.24,1.45,0.05,1.87
2021-11-08,67525.83,4807.98,1.51,0.06,1.89
2021-11-09,66947.66,4732.33,1.46,0.04,1.83
2021-11-10,64882.43,4628.78,1.56,0.05,1.92
2021-11-12,64122.23,4665.46,1.58,0.05,1.95
2021-11-15,63606.74,4563.78,1.63,0.05,2.01
2021-11-16,60058.87,4209.76,1.63,0.05,2.02
2021-11-17,60344.87,4287.8,1.6,0.05,2.0
2021-11-18,56891.62,3996.9,1.59,0.05,1.97
2021-11-19,58052.24,4294.76,1.54,0.05,1.91
2021-11-22,56247.18,4085.97,1.63,0.05,1.98
2021-11-23,57541.27,4339.44,1.67,0.06,2.02
2021-11-24,57138.29,4269.36,1.64,0.06,1.96
2021-11-26,53726.53,4041.2,1.48,0.06,1.83
2021-11-29,57776.25,4444.53,1.52,0.06,1.87
2021-11-30,56950.56,4630.26,1.43,0.05,1.78
2021-12-01,57184.07,4582.95,1.43,0.06,1.77
2021-12-02,56480.34,4511.21,1.44,0.05,1.76
2021-12-03,53601.05,4215.73,1.35,0.06,1.69
2021-12-06,50441.92,4347.59,1.43,0.05,1.75
2021-12-07,50588.95,4306.4,1.48,0.06,1.8
2021-12-08,50471.19,4436.91,1.52,0.07,1.87
2021-12-09,47545.59,4105.64,1.49,0.06,1.87
2021-12-10,47140.54,3897.94,1.48,0.06,1.88
2021-12-13,46702.75,3781.93,1.42,0.05,1.81
2021-12-14,48343.28,3858.99,1.44,0.05,1.82
2021-12-15,48864.98,4019.08,1.47,0.05,1.86
2021-12-16,47632.38,3958.11,1.44,0.05,1.87
2021-12-17,46131.2,3875.42,1.41,0.05,1.82
2021-12-20,46914.16,3944.73,1.43,0.07,1.85
2021-12-21,48889.88,4014.15,1.48,0.07,1.89
2021-12-22,48588.16,3979.51,1.46,0.08,1.86
2021-12-23,50838.81,4111.41,1.5,0.07,1.91
2021-12-27,50701.44,4037.23,1.48,0.06,1.88
2021-12-28,47543.74,3792.75,1.49,0.06,1.9
2021-12-29,46464.66,3630.19,1.55,0.05,1.96
2021-12-30,47120.87,3709.27,1.52,0.05,1.93
2021-12-31,46216.93,3676.23,1.52,0.06,1.9
2022-01-03,46446.1,3765.89,1.63,0.08,2.01
2022-01-04,45832.01,3785.11,1.66,0.08,2.07
2022-01-05,43451.13,3540.63,1.71,0.09,2.09
2022-01-06,43082.31,3406.81,1.73,0.1,2.09
2022-01-07,41566.48,3199.24,1.76,0.1,2.11
2022-01-10,41822.49,3082.68,1.78,0.13,2.11
2022-01-11,42729.29,3239.72,1.75,0.11,2.08
2022-01-12,43902.66,3371.26,1.74,0.12,2.08
2022-01-13,42560.11,3240.61,1.7,0.12,2.05
2022-01-14,43059.96,3307.42,1.78,0.13,2.12
2022-01-18,42352.12,3159.85,1.87,0.16,2.18
2022-01-19,41660.01,3084.02,1.83,0.17,2.14
2022-01-20,40680.91,3001.48,1.83,0.17,2.14
2022-01-21,36445.31,2568.15,1.75,0.17,2.07
2022-01-24,36660.35,2439.29,1.75,0.19,2.1
2022-01-25,36958.32,2458.83,1.78,0.19,2.12
2022-01-26,36809.34,2462.99,1.85,0.19,2.16
2022-01-27,37160.1,2424.25,1.81,0.2,2.09
2022-01-28,37716.56,2544.99,1.78,0.19,2.07
2022-01-31,38466.9,2686.94,1.79,0.22,2.11
2022-02-01,38694.59,2787.23,1.81,0.19,2.12
2022-02-02,36896.36,2680.67,1.78,0.19,2.11
2022-02-03,37311.61,2695.46,1.82,0.2,2.14
2022-02-04,41574.25,2994.99,1.93,0.23,2.23
2022-02-07,43839.99,3139.77,1.92,0.27,2.22
2022-02-08,44042.99,3116.69,1.96,0.25,2.25
2022-02-09,44372.72,3243.94,1.94,0.26,2.25
2022-02-10,43495.44,3072.49,2.03,0.4,2.3
2022-02-11,42373.73,2927.54,1.92,0.36,2.24
2022-02-14,42535.94,2929.75,1.98,0.43,2.29
2022-02-15,44544.86,3183.52,2.05,0.4,2.37
2022-02-16,43873.56,3122.3,2.03,0.38,2.34
2022-02-17,40515.7,2891.87,1.97,0.36,2.31
2022-02-18,39974.44,2779.48,1.92,0.35,2.24
2022-02-22,38230.33,2636.29,1.94,0.37,2.24
2022-02-23,37250.01,2579.71,1.99,0.34,2.29
2022-02-24,38327.21,2596.2,1.96,0.32,2.28
2022-02-25,39219.17,2768.49,1.97,0.33,2.29
2022-02-28,43160.0,2920.95,1.83,0.35,2.17
2022-03-01,44421.2,2976.33,1.72,0.32,2.11
2022-03-02,43892.98,2947.3,1.86,0.34,2.24
2022-03-03,42454.0,2833.99,1.86,0.38,2.24
2022-03-04,39148.66,2622.1,1.74,0.34,2.16
2022-03-07,37988.0,2491.12,1.78,0.38,2.19
2022-03-08,38730.63,2575.97,1.86,0.36,2.24
2022-03-09,41941.71,2726.98,1.94,0.38,2.29
2022-03-10,39422.0,2606.7,1.98,0.39,2.38
2022-03-11,38729.57,2556.86,2.0,0.4,2.36
2022-03-14,39671.37,2589.41,2.14,0.45,2.47
2022-03-15,39280.33,2617.73,2.15,0.46,2.49
2022-03-16,41114.0,2773.81,2.19,0.44,2.46
2022-03-17,40917.9,2811.92,2.2,0.4,2.5
2022-03-18,41757.51,2938.92,2.14,0.42,2.42
2022-03-21,41002.25,2890.03,2.32,0.54,2.55
2022-03-22,42364.13,2969.64,2.38,0.51,2.6
2022-03-23,42882.76,3036.0,2.32,0.5,2.52
2022-03-24,43991.46,3110.76,2.34,0.52,2.51
2022-03-25,44313.16,3102.14,2.48,0.55,2.6
2022-03-28,47122.21,3332.92,2.46,0.59,2.57
2022-03-29,47434.8,3400.51,2.41,0.55,2.53
2022-03-30,47067.99,3385.79,2.35,0.55,2.48
2022-03-31,45510.34,3281.51,2.32,0.52,2.44
2022-04-01,46283.49,3455.21,2.39,0.53,2.44
2022-04-04,46580.51,3519.5,2.42,0.66,2.48
2022-04-05,45497.55,3406.99,2.54,0.65,2.57
2022-04-06,43170.47,3168.51,2.61,0.67,2.63
2022-04-07,43444.19,3227.19,2.66,0.68,2.69
2022-04-08,42252.01,3192.39,2.72,0.7,2.76
2022-04-11,39530.45,2979.74,2.79,0.77,2.84
2022-04-12,40074.94,3027.66,2.72,0.74,2.82
2022-04-13,41147.79,3118.28,2.7,0.75,2.81
2022-04-14,39942.38,3021.98,2.83,0.79,2.92
2022-04-18,40801.13,3055.56,2.85,0.81,2.95
2022-04-19,41493.18,3101.77,2.93,0.81,3.01
2022-04-20,41358.19,3076.04,2.85,0.82,2.9
2022-04-21,40480.01,2983.58,2.9,0.83,2.94
2022-04-22,39709.18,2962.39,2.9,0.83,2.95
2022-04-25,40426.08,3006.62,2.81,0.91,2.88
2022-04-26,38112.65,2809.67,2.77,0.83,2.86
2022-04-27,39235.72,2888.96,2.82,0.82,2.91
2022-04-28,39742.07,2936.93,2.85,0.82,2.92
2022-04-29,38596.11,2817.13,2.89,0.85,2.96
2022-05-02,38525.16,2856.54,2.99,0.9,3.07
2022-05-03,37728.95,2781.7,2.97,0.91,3.03
2022-05-04,39690.0,2940.64,2.93,0.89,3.01
2022-05-05,36552.97,2747.97,3.05,0.85,3.15
2022-05-06,36013.77,2692.85,3.12,0.85,3.23
2022-05-09,30076.31,2228.55,3.05,0.92,3.19
2022-05-10,31017.1,2342.05,2.99,0.89,3.12
2022-05-11,29103.94,2084.99,2.91,0.91,3.05
2022-05-12,29029.75,1960.22,2.84,0.96,3.0
2022-05-13,29287.05,2009.69,2.93,1.03,3.1
2022-05-16,29874.01,2023.66,2.88,1.07,3.09
2022-05-17,30444.93,2090.72,2.98,1.06,3.17
2022-05-18,28715.32,1915.11,2.89,1.03,3.07
2022-05-19,30319.23,2019.55,2.84,1.05,3.05
2022-05-20,29201.01,1959.08,2.78,1.03,2.99
2022-05-23,29109.15,1973.32,2.86,1.07,3.08
2022-05-24,29654.58,1979.41,2.76,1.06,2.98
2022-05-25,29542.15,1942.63,2.75,1.06,2.97
2022-05-26,29201.35,1792.23,2.75,1.07,2.99
2022-05-27,28629.8,1727.27,2.74,1.08,2.97
2022-05-31,31801.04,1941.9,2.85,1.16,3.07
2022-06-01,29805.83,1817.95,2.94,1.15,3.09
2022-06-02,30452.62,1834.08,2.92,1.17,3.09
2022-06-03,29700.21,1775.12,2.96,1.21,3.11
2022-06-06,31373.1,1859.84,3.04,1.26,3.19
2022-06-07,31125.33,1813.33,2.98,1.26,3.13
2022-06-08,30204.77,1791.88,3.03,1.28,3.18
2022-06-09,30109.93,1788.81,3.04,1.3,3.18
2022-06-10,29091.88,1662.91,3.15,1.39,3.2
2022-06-13,22487.41,1209.82,3.43,1.73,3.42
2022-06-14,22136.41,1208.9,3.49,1.83,3.45
2022-06-15,22583.72,1237.52,3.33,1.74,3.39
2022-06-16,20401.31,1068.5,3.28,1.59,3.35
2022-06-17,20468.81,1086.94,3.25,1.63,3.3
2022-06-21,20723.52,1125.85,3.31,1.7,3.39
2022-06-22,19987.99,1050.19,3.16,1.61,3.25
2022-06-23,21110.13,1144.72,3.09,1.65,3.21
2022-06-24,21237.69,1225.02,3.13,1.73,3.26
2022-06-27,20742.56,1192.51,3.2,1.79,3.31
2022-06-28,20281.29,1144.05,3.2,1.79,3.3
2022-06-29,20123.01,1100.21,3.1,1.78,3.22
2022-06-30,19942.21,1071.01,2.98,1.72,3.14
2022-07-01,19279.8,1059.73,2.88,1.73,3.11
2022-07-05,20175.83,1132.5,2.82,1.9,3.05
2022-07-06,20564.51,1186.57,2.93,1.9,3.14
2022-07-07,21624.98,1237.49,3.01,1.95,3.2
2022-07-08,21594.75,1214.04,3.09,1.98,3.27
2022-07-11,19963.61,1096.4,2.99,2.18,3.18
2022-07-12,19328.75,1038.58,2.96,2.22,3.13
2022-07-13,20234.87,1115.0,2.91,2.39,3.08
2022-07-14,20588.84,1193.42,2.96,2.4,3.11
2022-07-15,20830.04,1231.25,2.93,2.37,3.1
2022-07-18,22432.58,1581.04,2.96,2.5,3.14
2022-07-19,23396.62,1542.32,3.01,2.52,3.17
2022-07-20,23223.3,1521.58,3.04,2.51,3.17
2022-07-21,23152.19,1575.45,2.91,2.48,3.08
2022-07-22,22684.83,1535.27,2.77,2.49,3.0
2022-07-25,21310.9,1440.79,2.81,2.62,3.04
2022-07-26,21254.67,1449.12,2.81,2.55,3.03
2022-07-27,22952.45,1635.74,2.78,2.44,3.03
2022-07-28,23842.93,1724.52,2.68,2.42,3.02
2022-07-29,23773.75,1721.68,2.67,2.41,3.0
2022-08-01,23268.01,1630.28,2.6,2.56,2.92
2022-08-02,22987.79,1630.91,2.75,2.56,3.0
2022-08-03,22818.37,1618.16,2.73,2.52,2.96
2022-08-04,22622.98,1607.96,2.68,2.5,2.97
2022-08-05,23312.42,1736.81,2.83,2.58,3.06
2022-08-08,23810.0,1777.05,2.77,2.65,3.0
2022-08-09,23149.95,1702.76,2.8,2.67,3.01
2022-08-10,23954.05,1853.57,2.78,2.65,3.04
2022-08-11,23934.39,1880.19,2.87,2.62,3.15
2022-08-12,24403.68,1958.28,2.84,2.63,3.12
2022-08-15,24094.82,1899.06,2.79,2.72,3.1
2022-08-16,23854.74,1876.67,2.82,2.7,3.11
2022-08-17,23342.66,1834.25,2.89,2.68,3.15
2022-08-18,23191.2,1846.39,2.88,2.71,3.14
2022-08-19,20834.39,1609.01,2.98,2.74,3.22
2022-08-22,21399.83,1624.66,3.03,2.82,3.24
2022-08-23,21529.12,1665.41,3.05,2.8,3.26
2022-08-24,21368.08,1656.56,3.11,2.82,3.32
2022-08-25,21559.04,1695.11,3.03,2.88,3.25
2022-08-26,20241.05,1508.18,3.04,2.89,3.21
2022-08-29,20285.73,1551.8,3.12,2.97,3.25
2022-08-30,19811.66,1524.59,3.11,2.97,3.23
2022-08-31,20050.02,1554.1,3.15,2.96,3.27
2022-09-01,20131.46,1586.16,3.26,2.97,3.37
2022-09-02,19951.86,1575.35,3.2,2.94,3.35
2022-09-06,18790.61,1559.01,3.33,3.04,3.49
2022-09-07,19292.84,1630.0,3.27,3.07,3.42
2022-09-08,19319.77,1635.37,3.29,3.06,3.45
2022-09-09,21360.11,1718.23,3.33,3.08,3.47
2022-09-12,22395.74,1716.37,3.37,3.17,3.53
2022-09-13,20173.57,1574.4,3.42,3.28,3.51
2022-09-14,20226.71,1638.39,3.41,3.24,3.47
2022-09-15,19701.88,1472.75,3.45,3.22,3.48
2022-09-16,19803.3,1433.9,3.45,3.2,3.52
2022-09-19,19537.02,1375.98,3.49,3.37,3.52
2022-09-20,18875.0,1322.93,3.57,3.35,3.59
2022-09-21,18461.36,1245.78,3.51,3.31,3.5
2022-09-22,19401.63,1326.46,3.7,3.29,3.65
2022-09-23,19289.91,1327.25,3.69,3.24,3.61
2022-09-26,19227.82,1336.17,3.88,3.39,3.72
2022-09-27,19079.13,1328.02,3.97,3.35,3.87
2022-09-28,19412.82,1337.2,3.72,3.4,3.7
2022-09-29,19591.51,1335.7,3.76,3.36,3.71
2022-09-30,19422.61,1328.72,3.83,3.33,3.79
2022-10-03,19629.08,1323.09,3.67,3.46,3.73
2022-10-04,20337.82,1361.49,3.62,3.45,3.7
2022-10-05,20158.26,1352.2,3.76,3.46,3.78
2022-10-06,19960.67,1352.06,3.83,3.46,3.81
2022-10-07,19530.09,1331.1,3.89,3.45,3.86
2022-10-11,19060.0,1280.11,3.93,3.67,3.92
2022-10-12,19155.53,1294.44,3.91,3.7,3.9
2022-10-13,19375.13,1287.08,3.97,3.79,3.97
2022-10-14,19176.93,1296.27,4.0,3.81,3.99
2022-10-17,19549.86,1331.4,4.02,3.97,4.04
2022-10-18,19327.44,1310.71,4.01,4.04,4.04
2022-10-19,19123.97,1285.09,4.14,4.07,4.15
2022-10-20,19041.92,1282.57,4.24,4.09,4.24
2022-10-21,19164.37,1299.75,4.21,4.09,4.33
2022-10-24,19329.72,1343.61,4.25,4.16,4.4
2022-10-25,20080.07,1459.74,4.1,4.14,4.26
2022-10-26,20771.59,1566.1,4.04,4.11,4.19
2022-10-27,20295.11,1514.05,3.96,4.13,4.12
2022-10-28,20591.84,1554.41,4.02,4.18,4.15
2022-10-31,20490.74,1572.69,4.1,4.22,4.22
2022-11-01,20483.62,1578.48,4.07,4.23,4.14
2022-11-02,20151.84,1518.34,4.1,4.22,4.15
2022-11-03,20207.82,1531.01,4.14,4.25,4.18
2022-11-04,21148.52,1644.78,4.17,4.21,4.27
2022-11-07,20591.13,1568.1,4.22,4.29,4.34
2022-11-08,18547.23,1334.77,4.14,4.28,4.28
2022-11-09,15922.81,1102.73,4.12,4.29,4.31
2022-11-10,17601.15,1299.28,3.82,4.28,4.03
2022-11-14,16619.46,1243.28,3.88,4.34,4.07
2022-11-15,16900.57,1253.23,3.8,4.31,3.98
2022-11-16,16662.76,1216.17,3.67,4.32,3.85
2022-11-17,16692.56,1200.43,3.77,4.32,3.89
2022-11-18,16700.45,1212.58,3.82,4.34,3.92
2022-11-21,15781.29,1107.34,3.83,4.41,3.91
2022-11-22,16226.94,1139.6,3.76,4.4,3.83
2022-11-23,16603.11,1184.52,3.71,4.4,3.74
2022-11-25,16522.14,1199.3,3.68,4.41,3.74
2022-11-28,16212.91,1167.77,3.69,4.41,3.74
2022-11-29,16442.53,1216.49,3.75,4.38,3.81
2022-11-30,17163.64,1294.46,3.68,4.37,3.8
2022-12-01,16977.37,1276.41,3.53,4.33,3.64
2022-12-02,17092.74,1295.59,3.51,4.34,3.56
2022-12-05,16966.35,1259.41,3.6,4.36,3.62
2022-12-06,17088.96,1271.32,3.51,4.37,3.52
2022-12-07,16836.64,1231.18,3.42,4.29,3.42
2022-12-08,17224.1,1280.18,3.48,4.28,3.44
2022-12-09,17128.56,1263.1,3.57,4.31,3.56
2022-12-12,17209.83,1275.4,3.61,4.38,3.57
2022-12-13,17774.7,1320.69,3.51,4.35,3.53
2022-12-14,17803.15,1307.44,3.49,4.33,3.52
2022-12-15,17356.34,1266.54,3.44,4.34,3.48
2022-12-16,16632.12,1166.83,3.48,4.31,3.53
2022-12-19,16438.88,1167.82,3.57,4.37,3.62
2022-12-20,16895.56,1216.94,3.69,4.35,3.74
2022-12-21,16824.67,1213.78,3.68,4.33,3.74
2022-12-22,16821.43,1217.71,3.67,4.35,3.73
2022-12-23,16778.5,1219.99,3.75,4.34,3.82
2022-12-27,16706.36,1211.55,3.84,4.46,3.93
2022-12-28,16547.31,1190.15,3.88,4.46,3.98
2022-12-29,16633.47,1200.49,3.83,4.45,3.92
2022-12-30,16607.48,1199.99,3.88,4.42,3.97
2023-01-03,16675.18,1214.55,3.79,4.53,3.88
2023-01-04,16850.36,1256.9,3.69,4.55,3.81
2023-01-05,16831.85,1251.24,3.71,4.66,3.78
2023-01-06,16950.65,1269.14,3.55,4.67,3.67
2023-01-09,17178.26,1320.39,3.53,4.7,3.66
2023-01-10,17440.66,1335.62,3.61,4.73,3.74
2023-01-11,17943.26,1389.39,3.54,4.72,3.67
2023-01-12,18846.62,1415.92,3.43,4.66,3.56
2023-01-13,19930.01,1451.2,3.49,4.67,3.61
2023-01-17,21134.81,1565.57,3.53,4.71,3.64
2023-01-18,20677.47,1511.43,3.37,4.69,3.54
2023-01-19,21071.59,1551.09,3.39,4.71,3.57
2023-01-20,22667.21,1658.52,3.48,4.72,3.66
2023-01-23,22916.45,1626.29,3.52,4.73,3.69
2023-01-24,22632.89,1555.97,3.46,4.72,3.62
2023-01-25,23060.94,1611.94,3.46,4.72,3.62
2023-01-26,23009.65,1601.09,3.49,4.71,3.62
2023-01-27,23074.16,1597.62,3.52,4.73,3.64
2023-01-30,22826.15,1566.2,3.55,4.72,3.66
2023-01-31,23125.13,1585.33,3.52,4.7,3.65
2023-02-01,23732.66,1641.68,3.39,4.66,3.55
2023-02-02,23488.94,1643.12,3.4,4.66,3.55
2023-02-03,23431.9,1663.52,3.53,4.7,3.63
2023-02-06,22762.52,1614.29,3.63,4.71,3.67
2023-02-07,23240.46,1671.03,3.67,4.71,3.72
2023-02-08,22963.0,1650.43,3.63,4.72,3.7
2023-02-09,21796.35,1545.35,3.67,4.77,3.75
2023-02-10,21625.19,1513.06,3.74,4.79,3.83
2023-02-13,21773.97,1505.24,3.72,4.81,3.79
2023-02-14,22199.84,1555.71,3.77,4.8,3.81
2023-02-15,24324.05,1674.92,3.81,4.79,3.85
2023-02-16,23517.72,1637.84,3.86,4.84,3.92
2023-02-17,24569.97,1693.87,3.82,4.84,3.88
2023-02-21,24452.16,1659.76,3.95,4.86,3.98
2023-02-22,24182.21,1643.14,3.93,4.84,3.94
2023-02-23,23940.2,1650.53,3.88,4.84,3.88
2023-02-24,23185.29,1607.8,3.95,4.86,3.93
2023-02-27,23492.09,1633.45,3.92,4.89,3.93
2023-02-28,23141.57,1605.23,3.92,4.88,3.93
2023-03-01,23628.97,1665.22,4.01,4.9,3.97
2023-03-02,23465.32,1647.86,4.08,4.91,4.03
2023-03-03,22354.34,1569.45,3.97,4.91,3.9
2023-03-06,22410.0,1565.84,3.98,4.93,3.92
2023-03-07,22197.96,1561.96,3.97,5.04,3.88
2023-03-08,21705.44,1532.38,3.98,5.06,3.88
2023-03-09,20362.22,1437.32,3.93,5.05,3.88
2023-03-10,20150.69,1426.44,3.7,5.01,3.7
2023-03-13,24113.48,1673.45,3.55,4.87,3.7
2023-03-14,24670.41,1699.4,3.64,4.88,3.77
2023-03-15,24285.66,1649.96,3.51,4.75,3.7
2023-03-16,24998.78,1673.73,3.56,4.74,3.71
2023-03-17,27395.13,1789.27,3.39,4.52,3.6
2023-03-20,27717.01,1732.78,3.47,4.81,3.65
2023-03-21,28105.47,1801.23,3.59,4.78,3.73
2023-03-22,27250.97,1734.33,3.48,4.79,3.68
2023-03-23,28295.41,1813.79,3.38,4.73,3.66
2023-03-24,27454.47,1749.57,3.38,4.74,3.64
2023-03-27,27124.91,1715.22,3.53,4.91,3.77
2023-03-28,27261.07,1772.99,3.55,4.8,3.77
2023-03-29,28348.6,1793.07,3.57,4.8,3.78
2023-03-30,28028.53,1793.61,3.55,4.97,3.74
2023-03-31,28465.36,1821.52,3.48,4.85,3.67
2023-04-03,27800.0,1810.51,3.43,4.9,3.64
2023-04-04,28165.47,1870.37,3.35,4.88,3.6
2023-04-05,28170.01,1908.69,3.3,4.86,3.56
2023-04-06,28033.82,1872.41,3.3,4.91,3.54
2023-04-07,27906.33,1863.72,3.39,4.95,3.61
2023-04-10,29637.34,1910.2,3.41,5.08,3.62
2023-04-11,30200.42,1889.86,3.43,5.04,3.62
2023-04-12,29888.07,1917.39,3.41,5.02,3.64
2023-04-13,30373.84,2012.01,3.45,5.1,3.69
2023-04-14,30466.93,2099.99,3.52,5.14,3.74
2023-04-17,29430.27,2074.0,3.6,5.21,3.81
2023-04-18,30380.01,2103.5,3.58,5.2,3.79
2023-04-19,28797.1,1933.73,3.6,5.16,3.79
2023-04-20,28243.65,1942.98,3.54,5.12,3.75
2023-04-21,27262.84,1848.78,3.57,5.14,3.78
2023-04-24,27510.93,1841.84,3.52,5.2,3.73
2023-04-25,28300.79,1866.1,3.4,5.12,3.65
2023-04-26,28415.29,1866.01,3.43,5.16,3.7
2023-04-27,29472.77,1908.68,3.53,5.18,3.76
2023-04-28,29311.7,1890.94,3.44,5.1,3.67
2023-05-01,28068.26,1830.73,3.59,5.27,3.84
2023-05-02,28669.86,1870.08,3.44,5.24,3.72
2023-05-03,29026.16,1905.12,3.38,5.26,3.7
2023-05-04,28838.16,1877.07,3.37,5.26,3.73
2023-05-05,29505.61,1993.3,3.44,5.26,3.76
2023-05-08,27668.79,1847.56,3.52,5.31,3.84
2023-05-09,27628.27,1846.52,3.53,5.29,3.85
2023-05-10,27598.75,1840.84,3.43,5.24,3.8
2023-05-11,26968.62,1794.3,3.39,5.2,3.73
2023-05-12,26795.01,1807.45,3.46,5.25,3.78
2023-05-15,27162.14,1816.2,3.5,5.21,3.84
2023-05-16,27033.84,1824.21,3.54,5.23,3.87
2023-05-17,27405.61,1822.12,3.57,5.26,3.88
2023-05-18,26821.28,1800.56,3.65,5.31,3.91
2023-05-19,26880.26,1812.32,3.7,5.29,3.95
2023-05-22,26849.27,1817.35,3.72,5.4,3.97
2023-05-23,27219.61,1854.05,3.7,5.34,3.96
2023-05-24,26329.01,1799.89,3.73,5.37,3.97
2023-05-25,26473.79,1805.6,3.83,5.38,4.01
2023-05-26,26705.92,1827.79,3.8,5.34,3.96
2023-05-30,27694.4,1900.59,3.69,5.55,3.9
2023-05-31,27210.35,1873.63,3.64,5.52,3.85
2023-06-01,26817.93,1861.78,3.61,5.5,3.84
2023-06-02,27242.59,1906.68,3.69,5.5,3.88
2023-06-05,25728.2,1810.5,3.69,5.46,3.89
2023-06-06,27230.08,1884.64,3.7,5.44,3.87
2023-06-07,26339.34,1832.13,3.79,5.42,3.95
2023-06-08,26498.61,1845.64,3.73,5.38,3.89
2023-06-09,26477.81,1840.37,3.75,5.37,3.89
2023-06-12,25905.19,1742.57,3.73,5.4,3.87
2023-06-13,25934.25,1740.12,3.84,5.36,3.94
2023-06-14,25128.6,1650.95,3.83,5.36,3.9
2023-06-15,25598.49,1666.96,3.72,5.33,3.85
2023-06-16,26345.0,1717.92,3.77,5.34,3.86
2023-06-20,28307.99,1791.99,3.74,5.39,3.83
2023-06-21,29993.89,1889.11,3.72,5.4,3.81
2023-06-22,29884.92,1872.01,3.8,5.4,3.88
2023-06-23,30688.5,1892.63,3.74,5.41,3.82
2023-06-26,30267.99,1858.97,3.72,5.5,3.83
2023-06-27,30692.44,1889.58,3.77,5.44,3.84
2023-06-28,30077.41,1828.02,3.71,5.44,3.81
2023-06-29,30447.31,1851.99,3.85,5.46,3.92
2023-06-30,30472.0,1933.79,3.81,5.43,3.85
2023-07-03,31156.2,1955.54,3.86,5.44,3.87
2023-07-05,30504.81,1910.36,3.95,5.44,3.95
2023-07-06,29895.43,1846.17,4.05,5.46,4.01
2023-07-07,30344.7,1870.91,4.06,5.46,4.05
2023-07-10,30411.57,1880.4,4.01,5.48,4.05
2023-07-11,30622.1,1878.3,3.99,5.49,4.03
2023-07-12,30380.0,1871.82,3.86,5.47,3.96
2023-07-13,31454.23,2004.49,3.76,5.47,3.9
2023-07-14,30312.01,1937.83,3.83,5.49,3.93
2023-07-17,30138.0,1911.2,3.81,5.49,3.94
2023-07-18,29859.13,1897.21,3.8,5.49,3.91
2023-07-19,29909.21,1888.63,3.75,5.49,3.84
2023-07-20,29800.0,1891.59,3.85,5.49,3.91
2023-07-21,29901.72,1891.73,3.84,5.5,3.91
2023-07-24,29176.5,1850.0,3.86,5.51,3.92
2023-07-25,29228.91,1857.66,3.91,5.51,3.95
2023-07-26,29351.96,1872.0,3.86,5.51,3.94
2023-07-27,29222.78,1861.28,4.01,5.51,4.06
2023-07-28,29314.14,1874.19,3.96,5.52,4.03
2023-07-31,29232.25,1856.14,3.97,5.55,4.02
2023-08-01,29705.99,1873.47,4.05,5.54,4.11
2023-08-02,29186.01,1839.9,4.08,5.53,4.17
2023-08-03,29193.64,1835.81,4.2,5.54,4.32
2023-08-04,29113.99,1830.23,4.05,5.54,4.21
2023-08-07,29211.06,1829.1,4.09,5.56,4.27
2023-08-08,29770.42,1856.3,4.02,5.57,4.2
2023-08-09,29581.99,1855.35,4.0,5.55,4.18
2023-08-10,29455.75,1852.47,4.09,5.54,4.24
2023-08-11,29426.03,1848.84,4.16,5.54,4.27
2023-08-14,29430.93,1845.5,4.19,5.56,4.29
2023-08-15,29200.0,1828.98,4.21,5.56,4.32
2023-08-16,28730.51,1807.81,4.28,5.56,4.38
2023-08-17,26623.41,1681.49,4.3,5.56,4.41
2023-08-18,26054.0,1661.59,4.26,5.55,4.38
2023-08-21,26126.92,1667.55,4.34,5.57,4.45
2023-08-22,26056.0,1634.99,4.34,5.57,4.42
2023-08-23,26432.72,1679.61,4.19,5.57,4.27
2023-08-24,26180.05,1661.16,4.23,5.58,4.3
2023-08-25,26060.01,1653.8,4.25,5.61,4.3
2023-08-28,26120.0,1653.08,4.2,5.58,4.29
2023-08-29,27716.34,1729.42,4.12,5.56,4.23
2023-08-30,27299.99,1705.23,4.12,5.56,4.23
2023-08-31,25940.78,1645.76,4.09,5.56,4.2
2023-09-01,25805.05,1629.12,4.18,5.53,4.29
2023-09-05,25792.1,1634.45,4.27,5.55,4.38
2023-09-06,25759.95,1633.15,4.3,5.55,4.37
2023-09-07,26255.0,1648.11,4.27,5.53,4.36
2023-09-08,25910.5,1636.44,4.26,5.55,4.33
2023-09-11,25162.52,1551.85,4.29,5.55,4.37
2023-09-12,25840.1,1592.97,4.27,5.56,4.35
2023-09-13,26222.0,1607.62,4.25,5.55,4.34
2023-09-14,26522.73,1626.47,4.29,5.55,4.39
2023-09-15,26600.0,1641.29,4.33,5.56,4.42
2023-09-18,26762.51,1636.66,4.32,5.55,4.4
2023-09-19,27210.26,1643.12,4.37,5.54,4.43
2023-09-20,27125.0,1622.26,4.35,5.56,4.4
2023-09-21,26568.08,1583.94,4.49,5.57,4.56
2023-09-22,26580.14,1593.08,4.44,5.56,4.53
2023-09-25,26304.81,1588.33,4.55,5.58,4.67
2023-09-26,26221.67,1594.01,4.56,5.58,4.7
2023-09-27,26372.99,1598.64,4.61,5.58,4.73
2023-09-28,27021.39,1652.99,4.59,5.56,4.71
2023-09-29,26906.96,1667.45,4.59,5.55,4.73
2023-10-02,27494.51,1662.4,4.69,5.62,4.81
2023-10-03,27426.46,1656.88,4.81,5.62,4.95
2023-10-04,27778.57,1646.58,4.73,5.61,4.87
2023-10-05,27410.39,1611.79,4.72,5.61,4.89
2023-10-06,27931.09,1645.03,4.78,5.63,4.95
2023-10-10,27390.12,1567.63,4.66,5.61,4.85
2023-10-11,26875.52,1566.87,4.58,5.61,4.73
2023-10-12,26759.63,1539.61,4.7,5.63,4.86
2023-10-13,26862.0,1552.16,4.63,5.62,4.78
2023-10-16,28500.78,1599.42,4.71,5.61,4.87
2023-10-17,28395.91,1565.01,4.83,5.62,4.94
2023-10-18,28320.0,1563.44,4.91,5.61,5.0
2023-10-19,28713.71,1566.57,4.98,5.6,5.11
2023-10-20,29669.04,1603.89,4.93,5.58,5.09
2023-10-23,33069.99,1765.46,4.86,5.58,5.01
2023-10-24,33922.73,1784.98,4.83,5.58,4.96
2023-10-25,34496.05,1787.15,4.95,5.59,5.09
2023-10-26,34151.66,1803.38,4.86,5.59,5.01
2023-10-27,33892.02,1779.4,4.84,5.59,5.03
2023-10-30,34474.73,1809.04,4.88,5.6,5.04
2023-10-31,34639.77,1814.67,4.88,5.59,5.04
2023-11-01,35421.43,1846.99,4.77,5.57,4.96
2023-11-02,34941.59,1800.8,4.67,5.54,4.82
2023-11-03,34716.78,1832.71,4.57,5.53,4.77
2023-11-06,35046.09,1900.95,4.67,5.56,4.84
2023-11-07,35399.12,1885.27,4.58,5.55,4.75
2023-11-08,35624.72,1888.12,4.49,5.54,4.64
2023-11-09,36701.09,2121.32,4.62,5.54,4.77
2023-11-10,37301.63,2077.72,4.61,5.53,4.73
2023-11-13,36462.93,2053.65,4.63,5.55,4.75
2023-11-14,35551.19,1979.39,4.44,5.52,4.61
2023-11-15,37858.2,2058.48,4.53,5.53,4.68
2023-11-16,36163.51,1961.77,4.45,5.51,4.63
2023-11-17,36613.92,1960.82,4.44,5.5,4.59
2023-11-20,37448.78,2021.4,4.42,5.54,4.57
2023-11-21,35741.65,1933.01,4.41,5.53,4.57
2023-11-22,37408.34,2063.21,4.42,5.54,4.55
2023-11-24,37713.57,2080.84,4.47,5.54,4.6
2023-11-27,37242.7,2027.5,4.39,5.49,4.53
2023-11-28,37818.87,2048.14,4.34,5.47,4.52
2023-11-29,37854.64,2028.81,4.27,5.45,4.44
2023-11-30,37723.96,2051.96,4.37,5.45,4.54
2023-12-01,38682.52,2087.24,4.22,5.43,4.4
2023-12-04,41991.1,2243.37,4.28,5.46,4.43
2023-12-05,44073.32,2293.33,4.18,5.45,4.3
2023-12-06,43762.69,2232.7,4.12,5.45,4.22
2023-12-07,43273.14,2355.73,4.14,5.44,4.25
2023-12-08,44170.99,2358.72,4.23,5.44,4.31
2023-12-11,41253.4,2225.12,4.23,5.47,4.32
2023-12-12,41492.39,2203.46,4.2,5.46,4.3
2023-12-13,42869.03,2260.16,4.04,5.44,4.19
2023-12-14,43022.26,2315.32,3.92,5.43,4.03
2023-12-15,41940.3,2220.5,3.91,5.44,4.0
2023-12-18,42657.8,2219.43,3.95,5.46,4.05
2023-12-19,42275.99,2177.91,3.93,5.43,4.03
2023-12-20,43668.93,2202.17,3.86,5.44,3.98
2023-12-21,43861.8,2239.61,3.89,5.42,4.03
2023-12-22,43969.04,2324.54,3.9,5.44,4.05
2023-12-26,42508.93,2230.88,3.89,5.45,4.04
2023-12-27,43428.85,2378.35,3.79,5.44,3.95
2023-12-28,42563.76,2344.15,3.84,5.45,3.98
2023-12-29,42066.95,2299.2,3.88,5.4,4.03
2024-01-02,44946.91,2355.34,3.95,5.46,4.08
2024-01-03,42845.23,2209.72,3.91,5.48,4.05
2024-01-04,44151.1,2267.11,3.99,5.48,4.13
2024-01-05,44145.11,2268.78,4.05,5.47,4.21
2024-01-08,46951.04,2330.44,4.01,5.49,4.17
2024-01-09,46110.0,2344.29,4.02,5.47,4.18
2024-01-10,46653.99,2584.38,4.04,5.46,4.2
2024-01-11,46339.16,2618.01,3.98,5.46,4.18
2024-01-12,42782.73,2522.54,3.96,5.45,4.2
2024-01-16,43137.95,2587.4,4.07,5.45,4.3
2024-01-17,42776.1,2530.19,4.1,5.47,4.31
2024-01-18,41327.5,2470.81,4.14,5.45,4.37
2024-01-19,41659.03,2492.0,4.15,5.45,4.36
2024-01-22,39568.02,2314.2,4.11,5.46,4.32
2024-01-23,39897.6,2242.6,4.14,5.45,4.38
2024-01-24,40084.88,2235.02,4.18,5.44,4.41
2024-01-25,39961.09,2218.64,4.14,5.44,4.38
2024-01-26,41823.51,2267.68,4.15,5.44,4.38
2024-01-29,43302.7,2317.6,4.08,5.42,4.31
2024-01-30,42941.1,2343.01,4.06,5.42,4.28
2024-01-31,42580.0,2283.14,3.99,5.42,4.22
2024-02-01,43082.94,2304.28,3.87,5.42,4.1
2024-02-02,43200.0,2309.06,4.03,5.43,4.22
2024-02-05,42708.7,2301.83,4.17,5.42,4.35
2024-02-06,43098.95,2372.64,4.09,5.44,4.29
2024-02-07,44349.6,2425.1,4.09,5.43,4.31
2024-02-08,45288.65,2419.55,4.15,5.44,4.36
2024-02-09,47132.77,2486.56,4.17,5.44,4.37
2024-02-12,49917.27,2659.99,4.17,5.43,4.37
2024-02-13,49699.59,2639.99,4.31,5.45,4.46
2024-02-14,51795.17,2774.81,4.27,5.43,4.45
2024-02-15,51880.0,2822.59,4.24,5.43,4.42
2024-02-16,52124.11,2801.8,4.3,5.44,4.45
2024-02-20,52258.82,3014.81,4.27,5.44,4.44
2024-02-21,51849.39,2967.9,4.32,5.44,4.49
2024-02-22,51288.42,2971.4,4.33,5.45,4.47
2024-02-23,50744.15,2922.24,4.26,5.46,4.37
2024-02-26,54476.47,3175.94,4.28,5.47,4.4
2024-02-27,57037.34,3242.36,4.31,5.45,4.44
2024-02-28,62432.1,3383.1,4.27,5.45,4.4
2024-02-29,61130.98,3340.09,4.25,5.45,4.38
2024-03-01,62387.9,3433.43,4.19,5.42,4.33
2024-03-04,68245.71,3627.76,4.22,5.48,4.36
2024-03-05,63724.01,3553.65,4.13,5.47,4.27
2024-03-06,66074.04,3818.59,4.11,5.47,4.24
2024-03-07,66823.17,3868.76,4.09,5.47,4.25
2024-03-08,68124.19,3883.36,4.09,5.46,4.26
2024-03-11,72078.1,4064.8,4.1,5.48,4.26
2024-03-12,71452.01,3979.96,4.16,5.48,4.31
2024-03-13,73072.41,4004.79,4.19,5.48,4.35
2024-03-14,71388.94,3881.7,4.29,5.48,4.44
2024-03-15,69499.85,3742.19,4.31,5.48,4.43
2024-03-18,67609.99,3520.46,4.34,5.48,4.46
2024-03-19,61937.4,3158.64,4.3,5.48,4.44
2024-03-20,67840.51,3516.53,4.27,5.47,4.45
2024-03-21,65501.27,3492.85,4.27,5.48,4.44
2024-03-22,63796.64,3336.35,4.22,5.46,4.39
2024-03-25,69880.01,3590.42,4.25,5.46,4.42
2024-03-26,69988.0,3587.33,4.24,5.46,4.4
2024-03-27,69469.99,3501.19,4.2,5.45,4.36
2024-03-28,70780.6,3560.49,4.2,5.46,4.34
2024-04-01,69649.8,3503.8,4.33,5.44,4.47
2024-04-02,65463.99,3278.96,4.36,5.42,4.51
2024-04-03,65963.28,3310.83,4.36,5.42,4.51
2024-04-04,68487.79,3327.4,4.31,5.41,4.47
2024-04-05,67820.62,3317.85,4.39,5.43,4.54
2024-04-08,71620.0,3694.61,4.42,5.43,4.55
2024-04-09,69146.0,3506.39,4.36,5.43,4.5
2024-04-10,70631.08,3545.64,4.55,5.45,4.64
2024-04-11,70006.23,3502.52,4.56,5.45,4.65
2024-04-12,67116.52,3237.43,4.5,5.45,4.61
2024-04-15,63419.99,3101.99,4.63,5.45,4.74
2024-04-16,63793.39,3084.22,4.67,5.45,4.77
2024-04-17,61277.37,2985.41,4.59,5.45,4.71
2024-04-18,63470.08,3064.4,4.64,5.46,4.74
2024-04-19,63818.01,3056.46,4.62,5.45,4.72
2024-04-22,66819.32,3200.2,4.62,5.42,4.72
2024-04-23,66414.0,3219.46,4.61,5.45,4.73
2024-04-24,64289.59,3140.8,4.65,5.46,4.78
2024-04-25,64498.34,3155.8,4.7,5.47,4.82
2024-04-26,63770.01,3131.3,4.67,5.46,4.78
2024-04-29,63866.0,3216.73,4.63,5.45,4.75
2024-04-30,60672.0,3014.05,4.69,5.46,4.79
2024-05-01,58364.97,2972.46,4.63,5.46,4.74
2024-05-02,59060.61,2986.19,4.58,5.46,4.72
2024-05-03,62882.01,3102.61,4.5,5.45,4.66
2024-05-06,63165.19,3062.6,4.49,5.45,4.64
2024-05-07,62312.08,3005.69,4.47,5.45,4.61
2024-05-08,61193.03,2974.21,4.48,5.45,4.64
2024-05-09,63074.01,3036.23,4.45,5.46,4.6
2024-05-10,60799.99,2909.99,4.5,5.47,4.64
2024-05-13,62940.08,2950.99,4.48,5.45,4.63
2024-05-14,61577.49,2881.93,4.45,5.44,4.59
2024-05-15,66206.5,3032.55,4.36,5.45,4.52
2024-05-16,65235.21,2944.7,4.38,5.45,4.52
2024-05-17,67024.0,3092.01,4.42,5.46,4.56
2024-05-20,71446.62,3661.78,4.44,5.45,4.58
2024-05-21,70148.34,3789.6,4.41,5.45,4.55
2024-05-22,69166.62,3737.73,4.43,5.45,4.55
2024-05-23,67969.65,3783.61,4.47,5.46,4.58
2024-05-24,68549.99,3728.28,4.46,5.46,4.57
2024-05-28,68398.39,3844.69,4.54,5.46,4.66
2024-05-29,67652.42,3767.43,4.61,5.46,4.74
2024-05-30,68352.17,3747.91,4.55,5.46,4.69
2024-05-31,67540.01,3762.29,4.51,5.46,4.65
2024-06-03,68809.9,3767.06,4.41,5.52,4.55
2024-06-04,70537.84,3810.23,4.33,5.52,4.48
2024-06-05,71108.0,3865.99,4.29,5.51,4.44
2024-06-06,70799.06,3813.46,4.28,5.51,4.43
2024-06-07,69355.6,3678.32,4.43,5.52,4.55
2024-06-10,69540.0,3667.85,4.47,5.52,4.59
2024-06-11,67314.24,3497.33,4.39,5.52,4.53
2024-06-12,68263.99,3560.12,4.31,5.51,4.47
2024-06-13,66773.01,3469.4,4.24,5.51,4.4
2024-06-14,66043.99,3481.8,4.2,5.51,4.34
2024-06-17,66504.33,3511.46,4.28,5.52,4.4
2024-06-18,65175.32,3483.42,4.22,5.5,4.36
2024-06-20,64869.99,3513.08,4.25,5.5,4.39
2024-06-21,64143.56,3518.5,4.25,5.49,4.39
2024-06-24,60293.3,3352.73,4.25,5.5,4.38
2024-06-25,61806.01,3394.91,4.23,5.49,4.36
2024-06-26,60864.99,3371.44,4.32,5.5,4.45
2024-06-27,61706.47,3450.44,4.29,5.49,4.43
2024-06-28,60427.84,3380.15,4.36,5.48,4.51
2024-07-01,62899.99,3442.2,4.48,5.47,4.64
2024-07-02,62135.47,3421.35,4.43,5.47,4.6
2024-07-03,60208.58,3295.48,4.36,5.47,4.53
2024-07-05,56628.79,2981.78,4.28,5.46,4.47
2024-07-08,56714.62,3019.01,4.28,5.46,4.46
2024-07-09,58050.0,3066.65,4.3,5.46,4.49
2024-07-10,57725.85,3101.05,4.28,5.46,4.47
2024-07-11,57339.89,3099.57,4.2,5.44,4.41
2024-07-12,57889.1,3133.88,4.18,5.43,4.39
2024-07-15,64724.14,3483.39,4.23,5.43,4.46
2024-07-16,65043.99,3444.13,4.17,5.43,4.38
2024-07-17,64087.99,3387.05,4.16,5.43,4.37
2024-07-18,63987.92,3426.5,4.2,5.43,4.41
2024-07-19,66660.0,3503.53,4.25,5.43,4.45
2024-07-22,67532.01,3439.6,4.26,5.43,4.48
2024-07-23,65936.01,3482.51,4.25,5.41,4.48
2024-07-24,65376.0,3335.81,4.28,5.4,4.54
2024-07-25,65799.95,3175.48,4.27,5.39,4.5
2024-07-26,67907.99,3274.61,4.2,5.38,4.45
2024-07-29,66784.69,3317.66,4.17,5.41,4.42
2024-07-30,66188.0,3279.21,4.15,5.4,4.4
2024-07-31,64628.0,3232.74,4.09,5.41,4.35
2024-08-01,65354.02,3203.4,3.99,5.37,4.27
2024-08-02,61498.33,2989.61,3.8,5.29,4.11
2024-08-05,54018.81,2419.59,3.78,5.35,4.06
2024-08-06,56022.01,2461.33,3.9,5.34,4.18
2024-08-07,55134.16,2342.8,3.96,5.34,4.26
2024-08-08,61685.99,2682.5,3.99,5.34,4.28
2024-08-09,60837.99,2598.78,3.94,5.33,4.23
2024-08-12,59346.64,2722.3,3.9,5.33,4.19
2024-08-13,60587.15,2702.44,3.85,5.32,4.16
2024-08-14,58683.39,2661.45,3.83,5.32,4.12
2024-08-15,57541.06,2569.89,3.92,5.34,4.18
2024-08-16,58874.6,2592.73,3.89,5.33,4.15
2024-08-19,59438.5,2636.36,3.86,5.31,4.11
2024-08-20,59013.8,2572.82,3.82,5.29,4.07
2024-08-21,61156.03,2630.71,3.79,5.26,4.06
2024-08-22,60375.84,2622.88,3.86,5.28,4.13
2024-08-23,64037.24,2762.48,3.81,5.25,4.1
2024-08-26,62834.0,2680.49,3.82,5.24,4.11
2024-08-27,59415.0,2457.33,3.83,5.23,4.13
2024-08-28,59034.9,2528.33,3.84,5.21,4.13
2024-08-29,59359.01,2527.61,3.87,5.22,4.15
2024-08-30,59123.99,2526.0,3.91,5.21,4.2
2024-09-03,57487.73,2425.29,3.84,5.19,4.13
2024-09-04,57970.9,2450.71,3.77,5.18,4.06
2024-09-05,56180.0,2368.81,3.73,5.15,4.02
2024-09-06,53962.97,2225.23,3.72,5.13,4.03
2024-09-09,57042.0,2359.5,3.7,5.11,4.0
2024-09-10,57635.99,2388.52,3.65,5.06,3.97
2024-09-11,57338.0,2340.55,3.65,5.1,3.96
2024-09-12,58132.32,2361.76,3.68,5.06,4.0
2024-09-13,60498.0,2439.19,3.66,4.97,3.98
2024-09-16,58213.99,2295.68,3.63,4.96,3.94
2024-09-17,60313.99,2341.8,3.65,4.95,3.96
2024-09-18,61759.99,2374.75,3.7,4.84,4.03
2024-09-19,62947.99,2465.21,3.73,4.8,4.06
2024-09-20,63201.05,2561.4,3.73,4.75,4.07
2024-09-23,63339.99,2646.97,3.75,4.72,4.09
2024-09-24,64262.7,2653.2,3.74,4.69,4.09
2024-09-25,63152.01,2579.95,3.79,4.69,4.14
2024-09-26,65173.99,2632.26,3.79,4.68,4.12
2024-09-27,65769.95,2694.43,3.75,4.68,4.1
2024-09-30,63327.59,2602.23,3.81,4.73,4.14
2024-10-01,60805.78,2447.79,3.74,4.71,4.08
2024-10-02,60649.28,2364.1,3.79,4.69,4.14
2024-10-03,60752.71,2349.8,3.85,4.68,4.18
2024-10-04,62086.0,2414.41,3.98,4.73,4.26
2024-10-07,62224.0,2422.71,4.03,4.77,4.3
2024-10-08,62160.49,2440.89,4.04,4.75,4.32
2024-10-09,60636.02,2370.47,4.06,4.75,4.34
2024-10-10,60326.39,2386.49,4.09,4.75,4.38
2024-10-11,62540.0,2439.5,4.08,4.73,4.39
2024-10-15,67074.14,2607.41,4.03,4.73,4.32
2024-10-16,67620.01,2611.1,4.02,4.72,4.3
2024-10-17,67421.78,2605.8,4.09,4.74,4.39
2024-10-18,68428.0,2642.17,4.08,4.73,4.38
2024-10-21,67377.5,2666.7,4.19,4.73,4.49
2024-10-22,67426.0,2622.81,4.2,4.72,4.49
2024-10-23,66668.65,2524.61,4.24,4.73,4.51
2024-10-24,68198.28,2535.82,4.21,4.7,4.47
2024-10-25,66698.33,2440.62,4.25,4.73,4.51
2024-10-28,69962.21,2567.48,4.28,4.7,4.53
2024-10-29,72736.42,2638.8,4.28,4.7,4.52
2024-10-30,72344.74,2659.19,4.29,4.67,4.49
2024-10-31,70292.01,2518.61,4.28,4.64,4.47
2024-11-01,69496.01,2511.49,4.37,4.61,4.57
2024-11-04,67850.01,2398.21,4.31,4.65,4.5
2024-11-05,69372.01,2422.55,4.26,4.64,4.44
2024-11-06,75571.99,2721.87,4.42,4.64,4.6
2024-11-07,75857.89,2895.47,4.31,4.63,4.52
2024-11-08,76509.78,2961.75,4.3,4.63,4.47
2024-11-12,87952.01,3243.8,4.43,4.63,4.58
2024-11-13,90375.2,3187.16,4.44,4.6,4.63
2024-11-14,87325.59,3058.82,4.43,4.61,4.58
2024-11-15,91032.07,3090.01,4.43,4.6,4.6
2024-11-18,90464.08,3207.8,4.42,4.63,4.61
2024-11-19,92310.79,3107.44,4.39,4.62,4.57
2024-11-20,94286.56,3069.97,4.41,4.62,4.59
2024-11-21,98317.12,3355.81,4.43,4.63,4.61
2024-11-22,98892.0,3327.78,4.41,4.63,4.6
2024-11-25,93010.01,3414.49,4.27,4.62,4.45
2024-11-26,91965.16,3324.73,4.3,4.61,4.48
2024-11-27,95863.11,3653.28,4.25,4.6,4.44
2024-11-29,97460.0,3592.21,4.18,4.58,4.36
2024-12-02,95840.62,3643.42,4.19,4.51,4.36
2024-12-03,95849.69,3614.51,4.23,4.49,4.4
2024-12-04,98587.32,3837.8,4.19,4.47,4.35
2024-12-05,96945.63,3785.2,4.17,4.46,4.33
2024-12-06,99740.84,3998.87,4.15,4.42,4.34
2024-12-09,97276.47,3712.0,4.2,4.42,4.39
2024-12-10,96593.0,3628.25,4.22,4.41,4.41
2024-12-11,101125.0,3831.81,4.26,4.38,4.48
2024-12-12,100004.29,3881.61,4.32,4.35,4.55
2024-12-13,101424.25,3906.8,4.4,4.34,4.61
2024-12-16,106058.66,3986.24,4.39,4.37,4.6
2024-12-17,106133.74,3893.01,4.4,4.38,4.59
2024-12-18,100204.01,3626.8,4.5,4.36,4.65
2024-12-19,97461.86,3417.01,4.57,4.35,4.74
2024-12-20,97805.44,3472.21,4.52,4.34,4.72
2024-12-23,94881.47,3422.53,4.59,4.36,4.78
2024-12-24,98663.58,3493.18,4.59,4.4,4.76
2024-12-26,95791.6,3335.05,4.58,4.35,4.76
2024-12-27,94299.03,3333.51,4.62,4.31,4.82
2024-12-30,92792.05,3361.84,4.55,4.37,4.77
2024-12-31,93576.0,3337.78,4.58,4.37,4.78
2025-01-02,96984.79,3455.67,4.57,4.36,4.79
2025-01-03,98174.18,3609.01,4.6,4.34,4.82
2025-01-06,102235.6,3687.45,4.62,4.35,4.85
2025-01-07,96954.61,3381.31,4.67,4.35,4.91
2025-01-08,95060.61,3327.29,4.67,4.35,4.91
2025-01-09,92552.49,3219.2,4.68,4.35,4.92
2025-01-10,94726.11,3267.04,4.77,4.36,4.96
2025-01-13,94536.1,3137.51,4.79,4.37,4.97
2025-01-14,96560.86,3225.63,4.78,4.36,4.98
2025-01-15,100497.35,3451.52,4.66,4.35,4.88
2025-01-16,99987.3,3308.05,4.61,4.34,4.84
2025-01-17,104077.48,3473.63,4.61,4.34,4.84
2025-01-21,106143.82,3327.54,4.57,4.36,4.8
2025-01-22,103706.66,3242.6,4.6,4.36,4.82
2025-01-23,103910.34,3338.21,4.65,4.36,4.87
2025-01-24,104870.5,3310.09,4.63,4.35,4.85
2025-01-27,102082.83,3182.44,4.53,4.32,4.76
2025-01-28,101335.52,3077.72,4.55,4.31,4.78
2025-01-29,103733.24,3113.9,4.55,4.31,4.79
2025-01-30,104722.94,3247.39,4.52,4.3,4.76
2025-01-31,102429.56,3300.99,4.58,4.31,4.83
2025-02-03,101328.52,2879.9,4.54,4.34,4.77
2025-02-04,97763.13,2731.19,4.52,4.33,4.75
2025-02-05,96612.43,2788.25,4.43,4.33,4.64
2025-02-06,96554.35,2686.64,4.45,4.34,4.65
2025-02-07,96506.8,2622.1,4.49,4.35,4.69
2025-02-10,97430.82,2661.19,4.51,4.35,4.71
2025-02-11,95778.2,2602.59,4.54,4.35,4.75
2025-02-12,97869.99,2738.27,4.62,4.35,4.83
2025-02-13,96608.14,2675.87,4.52,4.34,4.72
2025-02-14,97500.48,2725.95,4.47,4.34,4.69
2025-02-18,95671.74,2671.99,4.55,4.34,4.77
2025-02-19,96644.37,2715.5,4.53,4.34,4.76
2025-02-20,98305.0,2738.04,4.5,4.33,4.74
2025-02-21,96181.98,2663.0,4.42,4.32,4.67
2025-02-24,91552.88,2513.52,4.4,4.31,4.66
2025-02-25,88680.4,2495.7,4.3,4.3,4.55
2025-02-26,84250.09,2336.37,4.25,4.31,4.51
2025-02-27,84708.58,2307.72,4.29,4.32,4.56
2025-02-28,84349.94,2237.59,4.24,4.32,4.51
2025-03-03,86220.61,2149.01,4.16,4.35,4.45
2025-03-04,87281.98,2171.51,4.22,4.34,4.53
2025-03-05,90606.01,2241.59,4.28,4.35,4.57
2025-03-06,89931.89,2202.2,4.29,4.34,4.58
2025-03-07,86801.75,2141.6,4.32,4.34,4.62
2025-03-10,78595.86,1865.1,4.22,4.33,4.54
2025-03-11,82932.99,1923.43,4.28,4.34,4.59
2025-03-12,83680.12,1908.2,4.32,4.35,4.63
2025-03-13,81115.78,1864.59,4.27,4.34,4.59
2025-03-14,83983.2,1911.65,4.31,4.33,4.62
2025-03-17,84010.03,1926.31,4.31,4.34,4.6
2025-03-18,82715.03,1931.54,4.29,4.34,4.58
2025-03-19,86845.94,2056.06,4.25,4.33,4.56
2025-03-20,84223.39,1983.79,4.24,4.33,4.55
2025-03-21,84088.79,1965.75,4.25,4.33,4.59
2025-03-24,87498.16,2081.2,4.34,4.33,4.66
2025-03-25,87392.87,2066.15,4.31,4.33,4.65
2025-03-26,86909.17,2009.52,4.35,4.33,4.69
2025-03-27,87232.01,2003.66,4.38,4.33,4.73
2025-03-28,84424.38,1896.9,4.27,4.33,4.64
2025-03-31,82550.01,1822.43,4.23,4.32,4.59
2025-04-01,85158.34,1904.98,4.17,4.32,4.52
2025-04-02,82516.29,1795.22,4.2,4.32,4.54
2025-04-03,83213.09,1817.23,4.06,4.31,4.49
2025-04-04,83889.87,1816.87,4.01,4.28,4.41
2025-04-07,79163.24,1553.04,4.15,4.29,4.58
2025-04-08,76322.42,1473.41,4.26,4.31,4.71
2025-04-09,82615.22,1669.51,4.34,4.35,4.72
2025-04-10,79607.3,1522.25,4.4,4.34,4.86
2025-04-11,83423.84,1566.85,4.48,4.34,4.85
2025-04-14,84591.58,1623.77,4.38,4.33,4.8
2025-04-15,83643.99,1588.78,4.35,4.33,4.79
2025-04-16,84030.38,1577.14,4.29,4.33,4.74
2025-04-17,84947.91,1583.62,4.34,4.34,4.8
2025-04-21,87516.23,1579.57,4.42,4.34,4.91
2025-04-22,93442.99,1756.26,4.41,4.33,4.88
2025-04-23,93691.08,1795.07,4.4,4.33,4.83
2025-04-24,93980.47,1769.65,4.32,4.32,4.77
2025-04-25,94638.68,1784.6,4.29,4.32,4.74
2025-04-28,95011.18,1799.88,4.23,4.32,4.69
2025-04-29,94256.82,1797.81,4.19,4.31,4.64
2025-04-30,94172.0,1793.61,4.17,4.31,4.66
2025-05-01,96489.91,1838.11,4.25,4.31,4.74
2025-05-02,96887.14,1842.2,4.33,4.33,4.79
2025-05-05,94733.68,1820.19,4.36,4.33,4.83
2025-05-06,96834.02,1817.0,4.3,4.33,4.81
2025-05-07,97030.5,1811.11,4.26,4.34,4.77
2025-05-08,103261.6,2207.39,4.37,4.34,4.83
2025-05-09,102971.99,2345.04,4.37,4.34,4.83
2025-05-12,102791.32,2495.47,4.45,4.42,4.89
2025-05-13,104103.72,2679.71,4.49,4.41,4.94
2025-05-14,103507.82,2609.74,4.53,4.41,4.97
2025-05-15,103763.71,2548.69,4.45,4.38,4.91
2025-05-16,103463.9,2537.12,4.43,4.37,4.89
2025-05-19,105573.74,2528.14,4.46,4.39,4.92
2025-05-20,106849.99,2524.19,4.48,4.38,4.96
2025-05-21,109643.99,2550.99,4.58,4.36,5.08
2025-05-22,111696.21,2664.82,4.54,4.37,5.05
2025-05-23,107318.3,2526.5,4.51,4.36,5.04
2025-05-27,108938.17,2660.81,4.43,4.35,4.94
2025-05-28,107781.78,2681.6,4.47,4.35,4.97
2025-05-29,105589.75,2631.39,4.43,4.36,4.92
2025-05-30,103985.48,2531.34,4.41,4.36,4.92
2025-06-02,105857.99,2607.41,4.46,4.44,4.99
2025-06-03,105376.89,2593.36,4.46,4.43,4.98
2025-06-04,104696.86,2607.68,4.37,4.44,4.89
2025-06-05,101508.68,2414.01,4.4,4.44,4.88
2025-06-06,104288.44,2476.1,4.51,4.43,4.97
2025-06-09,110263.02,2680.13,4.49,4.44,4.95
2025-06-10,110274.39,2816.4,4.47,4.45,4.93
2025-06-11,108645.12,2771.61,4.41,4.45,4.91
2025-06-12,105671.73,2642.65,4.36,4.46,4.84
2025-06-13,106066.59,2579.19,4.41,4.45,4.9
2025-06-16,106794.53,2544.17,4.46,4.43,4.96
2025-06-17,104551.17,2509.95,4.39,4.42,4.88
2025-06-18,104886.78,2525.0,4.38,4.42,4.88
2025-06-20,103297.99,2406.49,4.38,4.39,4.89
2025-06-23,105333.93,2411.66,4.34,4.38,4.87
2025-06-24,106083.0,2448.45,4.3,4.38,4.83
2025-06-25,107340.58,2418.49,4.29,4.38,4.83
2025-06-26,106947.06,2415.96,4.26,4.39,4.81
2025-06-27,107047.59,2423.17,4.29,4.39,4.85
2025-06-30,107146.5,2485.47,4.24,4.41,4.78
2025-07-01,105681.14,2405.01,4.26,4.4,4.78
2025-07-02,108849.6,2570.41,4.3,4.41,4.82
2025-07-03,109584.78,2591.25,4.35,4.42,4.86
2025-07-07,108262.94,2542.29,4.4,4.42,4.92
2025-07-08,108922.98,2615.25,4.42,4.42,4.94
2025-07-09,111233.99,2768.74,4.34,4.42,4.87
2025-07-10,116010.0,2951.29,4.35,4.42,4.86
2025-07-11,117527.66,2958.22,4.43,4.41,4.96
2025-07-14,119841.18,3013.62,4.43,4.42,4.97
2025-07-15,117758.09,3137.89,4.5,4.42,5.01
2025-07-16,118630.43,3371.35,4.46,4.41,5.01
2025-07-17,119177.56,3476.87,4.47,4.41,5.01
2025-07-18,117924.84,3546.92,4.44,4.4,5.0
2025-07-21,117380.36,3762.33,4.38,4.41,4.94
2025-07-22,119954.42,3746.21,4.35,4.41,4.9
2025-07-23,118755.99,3628.29,4.4,4.41,4.95
2025-07-24,118340.99,3706.94,4.43,4.42,4.96
2025-07-25,117614.31,3724.96,4.4,4.42,4.92
2025-07-28,118062.32,3799.0,4.42,4.4,4.96
2025-07-29,117950.76,3793.79,4.34,4.4,4.86
2025-07-30,117840.3,3810.0,4.38,4.41,4.89
2025-07-31,115764.08,3698.39,4.37,4.41,4.89
2025-08-01,113297.93,3488.2,4.23,4.35,4.81
2025-08-04,115055.03,3720.99,4.22,4.35,4.8
2025-08-05,114129.75,3612.0,4.22,4.34,4.78
2025-08-06,114992.27,3683.31,4.22,4.32,4.81
2025-08-07,117472.01,3910.31,4.23,4.32,4.81
2025-08-08,116674.74,4009.5,4.27,4.32,4.85
2025-08-11,118686.0,4223.22,4.27,4.34,4.84
2025-08-12,120134.08,4590.52,4.29,4.33,4.88
2025-08-13,123306.43,4749.3,4.24,4.29,4.83
2025-08-14,118295.09,4546.84,4.29,4.3,4.88
2025-08-15,117342.05,4439.47,4.33,4.3,4.92
2025-08-18,116227.05,4312.99,4.34,4.33,4.94
2025-08-19,112872.94,4075.59,4.3,4.3,4.9
2025-08-20,114271.24,4336.16,4.29,4.3,4.89
2025-08-21,112500.0,4225.3,4.33,4.32,4.92
2025-08-22,116935.99,4832.07,4.26,4.27,4.88
2025-08-25,110111.98,4376.18,4.28,4.29,4.89
2025-08-26,111763.22,4600.63,4.26,4.28,4.9
2025-08-27,111262.01,4506.71,4.24,4.26,4.91
2025-08-28,112566.9,4511.21,4.22,4.26,4.88
2025-08-29,108377.4,4360.18,4.23,4.23,4.92
2025-09-02,111240.01,4326.5,4.28,4.2,4.97
2025-09-03,111705.71,4450.46,4.22,4.18,4.9
2025-09-04,110730.87,4297.55,4.17,4.16,4.86
2025-09-05,110659.99,4307.45,4.1,4.07,4.78
2025-09-08,112065.23,4306.37,4.05,4.1,4.69
2025-09-09,111546.39,4310.09,4.08,4.1,4.72
2025-09-10,113960.0,4349.32,4.04,4.09,4.69
2025-09-11,115482.69,4458.82,4.01,4.08,4.65
2025-09-12,116029.42,4712.16,4.06,4.08,4.68
2025-09-15,115349.71,4523.74,4.05,4.06,4.66
2025-09-16,116788.96,4501.29,4.04,4.04,4.65
