Date,BTC_Close,ETH_Close
2017-08-17,4285.08,302.0
2017-08-18,4108.37,293.96
2017-08-19,4139.98,290.91
2017-08-20,4086.29,299.1
2017-08-21,4016.0,323.29
2017-08-22,4040.0,309.8
2017-08-23,4114.01,315.74
2017-08-24,4316.01,323.42
2017-08-25,4280.68,327.24
2017-08-26,4337.44,330.79
2017-08-27,4310.01,348.13
2017-08-28,4386.69,346.0
2017-08-29,4587.48,374.7
2017-08-30,4555.14,385.93
2017-08-31,4724.89,384.79
2017-09-01,4834.91,388.46
2017-09-02,4472.14,343.14
2017-09-03,4509.08,341.77
2017-09-04,4100.11,283.77
2017-09-05,4366.47,312.09
2017-09-06,4619.77,335.0
2017-09-07,4691.61,334.49
2017-09-08,4282.8,302.99
2017-09-09,4258.81,296.74
2017-09-10,4130.37,293.5
2017-09-11,4208.47,297.3
2017-09-12,4163.72,293.96
2017-09-13,3944.69,276.91
2017-09-14,3189.02,215.21
2017-09-15,3700.0,253.0
2017-09-16,3714.95,249.31
2017-09-17,3699.99,257.55
2017-09-18,4035.01,294.57
2017-09-19,3910.04,284.0
2017-09-20,3900.0,282.0
2017-09-21,3609.99,257.0
2017-09-22,3595.87,264.0
2017-09-23,3780.0,285.93
2017-09-24,3660.02,282.0
2017-09-25,3920.75,294.42
2017-09-26,3882.35,287.9
2017-09-27,4193.0,309.74
2017-09-28,4174.5,302.44
2017-09-29,4174.69,292.22
2017-09-30,4378.51,304.36
2017-10-01,4378.48,303.95
2017-10-02,4380.0,296.5
2017-10-03,4310.0,292.48
2017-10-04,4208.59,291.99
2017-10-05,4292.43,294.81
2017-10-06,4369.0,310.8
2017-10-07,4423.0,311.01
2017-10-08,4640.0,311.07
2017-10-09,4786.95,297.19
2017-10-10,4783.06,298.64
2017-10-11,4821.43,304.01
2017-10-12,5430.0,303.99
2017-10-13,5649.98,337.96
2017-10-14,5869.99,342.0
2017-10-15,5709.99,337.96
2017-10-16,5760.02,335.19
2017-10-17,5595.0,315.19
2017-10-18,5512.06,309.7
2017-10-19,5683.9,308.66
2017-10-20,6010.01,304.51
2017-10-21,6024.97,298.94
2017-10-22,5950.02,293.79
2017-10-23,5915.93,281.09
2017-10-24,5477.03,297.38
2017-10-25,5689.99,294.49
2017-10-26,5861.77,294.71
2017-10-27,5768.83,296.33
2017-10-28,5719.64,291.87
2017-10-29,6169.98,305.0
2017-10-30,6120.5,307.25
2017-10-31,6463.0,304.9
2017-11-01,6753.98,287.01
2017-11-02,7019.98,283.12
2017-11-03,7115.04,304.08
2017-11-04,7357.09,298.04
2017-11-05,7345.01,295.53
2017-11-06,6960.12,297.97
2017-11-07,7064.04,291.78
2017-11-08,7303.0,303.02
2017-11-09,7079.99,317.87
2017-11-10,6506.98,293.5
2017-11-11,6245.05,310.02
2017-11-12,5811.03,305.24
2017-11-13,6465.99,312.99
2017-11-14,6574.99,335.61
2017-11-15,7240.06,331.33
2017-11-16,7864.5,331.49
2017-11-17,7699.19,331.23
2017-11-18,7761.94,346.66
2017-11-19,8038.0,354.15
2017-11-20,8212.0,367.42
2017-11-21,8119.51,362.12
2017-11-22,8205.92,380.65
2017-11-23,8019.99,405.0
2017-11-24,8138.0,469.0
2017-11-25,8700.01,461.82
2017-11-26,9128.02,462.84
2017-11-27,9650.0,472.31
2017-11-28,9896.8,466.17
2017-11-29,9687.88,421.7
2017-11-30,9838.96,427.43
2017-12-01,10782.99,457.51
2017-12-02,10890.01,457.63
2017-12-03,11165.41,460.3
2017-12-04,11579.0,466.67
2017-12-05,11699.99,452.26
2017-12-06,13550.05,411.01
2017-12-07,16599.0,406.33
2017-12-08,15880.0,442.56
2017-12-09,14656.07,460.0
2017-12-10,14899.98,427.35
2017-12-11,16587.97,508.7
2017-12-12,16349.99,620.0
2017-12-13,16033.29,683.99
2017-12-14,16334.98,679.76
2017-12-15,17539.83,674.95
2017-12-16,19102.66,682.81
2017-12-17,18860.02,707.64
2017-12-18,18856.25,784.0
2017-12-19,17295.2,798.0
2017-12-20,16488.98,790.21
2017-12-21,15492.64,782.41
2017-12-22,13326.61,635.97
2017-12-23,13300.0,640.34
2017-12-24,13500.0,658.0
2017-12-25,13699.34,714.95
2017-12-26,15689.01,750.0
2017-12-27,15459.99,739.89
2017-12-28,14182.11,707.89
2017-12-29,14378.9,733.99
2017-12-30,12440.01,681.06
2017-12-31,13716.36,733.98
2018-01-01,13380.0,754.99
2018-01-02,14675.11,855.28
2018-01-03,14919.51,934.03
2018-01-04,15059.54,940.0
2018-01-05,16960.39,959.3
2018-01-06,17069.79,1004.11
2018-01-07,16150.03,1123.09
2018-01-08,14902.54,1133.18
2018-01-09,14400.0,1291.0
2018-01-10,14907.09,1247.0
2018-01-11,13238.78,1138.93
2018-01-12,13740.01,1253.87
2018-01-13,14210.0,1388.02
2018-01-14,13474.99,1347.0
2018-01-15,13539.93,1271.0
2018-01-16,10900.0,1000.0
2018-01-17,10988.79,1000.0
2018-01-18,10961.97,994.0
2018-01-19,11474.98,1032.5
2018-01-20,12799.94,1152.75
2018-01-21,11530.0,1049.0
2018-01-22,10760.05,993.0
2018-01-23,10799.18,980.0
2018-01-24,11349.99,1061.0
2018-01-25,11175.27,1056.52
2018-01-26,11089.0,1051.03
2018-01-27,11491.0,1118.99
2018-01-28,11879.95,1251.96
2018-01-29,11251.0,1177.01
2018-01-30,10237.51,1085.5
2018-01-31,10285.1,1124.81
2018-02-01,9224.52,1041.94
2018-02-02,8873.03,922.3
2018-02-03,9199.96,971.0
2018-02-04,8184.81,823.56
2018-02-05,6939.99,697.92
2018-02-06,7652.14,779.25
2018-02-07,7599.0,754.0
2018-02-08,7784.02,781.66
2018-02-09,8683.92,877.0
2018-02-10,8533.98,851.15
2018-02-11,8063.88,808.99
2018-02-12,8903.0,866.66
2018-02-13,8539.9,841.57
2018-02-14,9449.99,919.09
2018-02-15,10000.09,924.55
2018-02-16,10159.98,938.67
2018-02-17,11039.55,969.99
2018-02-18,10383.43,911.0
2018-02-19,11153.0,938.11
2018-02-20,11200.99,882.99
2018-02-21,10437.6,835.89
2018-02-22,9811.04,801.49
2018-02-23,10131.04,851.6
2018-02-24,9694.51,833.94
2018-02-25,9590.0,841.19
2018-02-26,10324.0,867.98
2018-02-27,10569.04,870.11
2018-02-28,10326.76,853.5
2018-03-01,10920.0,870.63
2018-03-02,11039.0,856.28
2018-03-03,11464.48,856.02
2018-03-04,11515.0,866.66
2018-03-05,11454.0,849.84
2018-03-06,10716.48,813.11
2018-03-07,9910.0,749.9
2018-03-08,9271.64,695.46
2018-03-09,9227.0,723.71
2018-03-10,8770.22,680.58
2018-03-11,9533.57,720.85
2018-03-12,9131.34,697.11
2018-03-13,9150.0,689.94
2018-03-14,8170.0,610.1
2018-03-15,8240.98,608.83
2018-03-16,8260.0,599.05
2018-03-17,7824.8,546.95
2018-03-18,8189.99,537.0
2018-03-19,8600.0,556.88
2018-03-20,8909.98,557.0
2018-03-21,8885.0,559.17
2018-03-22,8722.9,539.92
2018-03-23,8898.03,543.03
2018-03-24,8546.86,520.22
2018-03-25,8470.15,523.74
2018-03-26,8134.23,485.0
2018-03-27,7795.51,448.5
2018-03-28,7949.3,446.67
2018-03-29,7090.14,384.0
2018-03-30,6840.23,392.43
2018-03-31,6923.91,393.92
2018-04-01,6813.01,378.58
2018-04-02,7056.0,385.05
2018-04-03,7405.21,415.01
2018-04-04,6796.1,378.16
2018-04-05,6770.76,381.22
2018-04-06,6601.39,368.89
2018-04-07,6895.8,384.51
2018-04-08,7018.0,400.4
2018-04-09,6782.72,399.44
2018-04-10,6843.9,416.07
2018-04-11,6953.79,429.52
2018-04-12,7923.0,495.67
2018-04-13,7877.41,495.11
2018-04-14,7999.01,502.68
2018-04-15,8355.0,533.88
2018-04-16,8064.92,511.46
2018-04-17,7885.02,502.56
2018-04-18,8173.0,526.09
2018-04-19,8278.0,568.14
2018-04-20,8856.98,617.09
2018-04-21,8915.31,604.87
2018-04-22,8787.02,620.92
2018-04-23,8934.01,645.09
2018-04-24,9619.99,701.58
2018-04-25,8869.99,618.0
2018-04-26,9266.0,661.51
2018-04-27,8915.35,643.46
2018-04-28,9348.0,682.86
2018-04-29,9419.0,690.85
2018-04-30,9246.01,670.78
2018-05-01,9071.48,672.0
2018-05-02,9247.84,688.56
2018-05-03,9750.0,779.0
2018-05-04,9713.99,785.99
2018-05-05,9864.0,819.5
2018-05-06,9659.01,794.3
2018-05-07,9365.0,752.49
2018-05-08,9187.56,748.99
2018-05-09,9310.0,751.75
2018-05-10,9002.2,722.52
2018-05-11,8400.0,676.96
2018-05-12,8465.94,684.11
2018-05-13,8679.71,729.08
2018-05-14,8663.34,727.49
2018-05-15,8462.0,704.91
2018-05-16,8330.0,706.29
2018-05-17,8041.46,667.62
2018-05-18,8239.81,692.6
2018-05-19,8233.49,697.0
2018-05-20,8526.98,716.16
2018-05-21,8381.24,696.7
2018-05-22,7977.11,640.99
2018-05-23,7501.95,577.19
2018-05-24,7575.01,602.18
2018-05-25,7457.0,585.55
2018-05-26,7333.96,586.0
2018-05-27,7338.99,570.4
2018-05-28,7099.0,511.5
2018-05-29,7461.29,567.36
2018-05-30,7375.96,557.19
2018-05-31,7485.01,577.81
2018-06-01,7521.01,579.0
2018-06-02,7640.03,590.85
2018-06-03,7714.26,619.66
2018-06-04,7487.0,591.02
2018-06-05,7625.0,609.05
2018-06-06,7658.84,607.4
2018-06-07,7691.08,605.16
2018-06-08,7603.44,598.68
2018-06-09,7491.73,592.87
2018-06-10,6764.99,524.11
2018-06-11,6872.0,531.69
2018-06-12,6530.0,493.0
2018-06-13,6292.78,475.47
2018-06-14,6635.98,519.29
2018-06-15,6388.9,487.48
2018-06-16,6483.98,496.74
2018-06-17,6449.61,497.14
2018-06-18,6712.46,517.95
2018-06-19,6741.21,537.97
2018-06-20,6761.51,536.49
2018-06-21,6718.84,526.18
2018-06-22,6045.0,462.09
2018-06-23,6149.98,473.41
2018-06-24,6136.97,454.41
2018-06-25,6252.0,458.7
2018-06-26,6070.78,429.34
2018-06-27,6133.73,441.64
2018-06-28,5853.98,420.22
2018-06-29,6197.92,434.77
2018-06-30,6390.07,454.09
2018-07-01,6356.81,452.1
2018-07-02,6615.29,476.25
2018-07-03,6513.86,461.82
2018-07-04,6586.98,467.38
2018-07-05,6529.2,467.87
2018-07-06,6609.78,470.47
2018-07-07,6756.98,485.57
2018-07-08,6712.1,486.77
2018-07-09,6662.12,471.71
2018-07-10,6296.91,432.48
2018-07-11,6378.07,444.99
2018-07-12,6250.57,431.14
2018-07-13,6214.57,432.46
2018-07-14,6251.99,433.19
2018-07-15,6353.01,449.78
2018-07-16,6723.35,478.49
2018-07-17,7317.44,498.76
2018-07-18,7381.9,479.41
2018-07-19,7466.21,468.57
2018-07-20,7337.53,449.04
2018-07-21,7398.78,460.23
2018-07-22,7394.79,457.47
2018-07-23,7721.01,450.05
2018-07-24,8397.24,479.28
2018-07-25,8175.64,472.1
2018-07-26,7920.0,462.64
2018-07-27,8188.57,470.09
2018-07-28,8225.04,469.29
2018-07-29,8211.0,466.4
2018-07-30,8173.92,456.23
2018-07-31,7730.93,432.22
2018-08-01,7604.58,420.41
2018-08-02,7525.71,410.62
2018-08-03,7418.78,417.52
2018-08-04,7009.84,407.21
2018-08-05,7024.19,408.79
2018-08-06,6934.82,405.28
2018-08-07,6720.06,378.21
2018-08-08,6285.0,355.48
2018-08-09,6529.79,363.3
2018-08-10,6144.01,331.81
2018-08-11,6232.35,317.69
2018-08-12,6308.33,317.89
2018-08-13,6246.35,283.81
2018-08-14,6188.08,278.41
2018-08-15,6267.16,281.12
2018-08-16,6311.75,287.17
2018-08-17,6584.49,317.51
2018-08-18,6387.96,294.11
2018-08-19,6477.53,299.42
2018-08-20,6254.84,270.51
2018-08-21,6480.0,281.21
2018-08-22,6360.89,270.8
2018-08-23,6525.01,275.99
2018-08-24,6681.64,281.19
2018-08-25,6733.64,277.55
2018-08-26,6700.0,274.29
2018-08-27,6908.64,287.71
2018-08-28,7076.11,295.44
2018-08-29,7031.22,288.4
2018-08-30,6984.84,283.89
2018-08-31,7011.21,281.41
2018-09-01,7200.01,295.71
2018-09-02,7302.01,295.41
2018-09-03,7263.02,289.09
2018-09-04,7359.06,285.3
2018-09-05,6700.0,228.53
2018-09-06,6516.01,229.7
2018-09-07,6395.54,215.22
2018-09-08,6185.05,196.71
2018-09-09,6250.81,195.81
2018-09-10,6312.0,197.15
2018-09-11,6294.91,185.18
2018-09-12,6338.62,183.12
2018-09-13,6487.38,210.68
2018-09-14,6476.63,208.82
2018-09-15,6514.96,221.29
2018-09-16,6505.0,220.17
2018-09-17,6248.69,196.16
2018-09-18,6336.45,208.17
2018-09-19,6391.89,209.79
2018-09-20,6492.0,224.0
2018-09-21,6759.02,247.73
2018-09-22,6723.05,241.01
2018-09-23,6708.0,244.5
2018-09-24,6581.39,228.06
2018-09-25,6447.54,219.62
2018-09-26,6465.12,214.42
2018-09-27,6689.13,229.13
2018-09-28,6634.58,221.84
2018-09-29,6596.38,231.62
2018-09-30,6626.57,232.94
2018-10-01,6611.61,231.61
2018-10-02,6525.79,225.69
2018-10-03,6510.0,220.77
2018-10-04,6593.79,222.66
2018-10-05,6635.65,228.37
2018-10-06,6594.27,225.4
2018-10-07,6615.26,226.14
2018-10-08,6673.01,230.01
2018-10-09,6656.61,228.4
2018-10-10,6631.0,226.74
2018-10-11,6252.68,191.58
2018-10-12,6298.01,196.96
2018-10-13,6332.93,201.3
2018-10-14,6339.34,197.01
2018-10-15,6752.5,214.39
2018-10-16,6759.27,215.09
2018-10-17,6740.89,212.85
2018-10-18,6618.96,206.24
2018-10-19,6528.88,205.0
2018-10-20,6588.4,207.91
2018-10-21,6590.11,207.49
2018-10-22,6581.2,206.67
2018-10-23,6553.51,205.85
2018-10-24,6565.5,205.35
2018-10-25,6528.09,203.93
2018-10-26,6538.63,204.92
2018-10-27,6505.6,204.45
2018-10-28,6489.93,204.99
2018-10-29,6344.5,196.96
2018-10-30,6330.87,197.27
2018-10-31,6371.93,198.73
2018-11-01,6410.0,199.96
2018-11-02,6433.98,202.35
2018-11-03,6387.09,200.31
2018-11-04,6485.85,212.11
2018-11-05,6468.99,210.66
2018-11-06,6519.11,220.74
2018-11-07,6578.46,219.07
2018-11-08,6479.84,212.79
2018-11-09,6419.99,210.77
2018-11-10,6433.05,213.25
2018-11-11,6449.81,212.54
2018-11-12,6453.07,212.89
2018-11-13,6457.66,209.84
2018-11-14,5922.41,187.43
2018-11-15,5753.4,184.35
2018-11-16,5655.94,176.89
2018-11-17,5628.29,176.2
2018-11-18,5662.0,178.97
2018-11-19,4910.03,150.81
2018-11-20,4558.86,133.82
2018-11-21,4661.07,138.23
2018-11-22,4370.0,126.63
2018-11-23,4420.61,125.02
2018-11-24,3932.44,114.89
2018-11-25,4085.78,118.67
2018-11-26,3862.2,110.68
2018-11-27,3875.21,111.43
2018-11-28,4264.85,122.9
2018-11-29,4295.84,117.98
2018-11-30,4041.32,113.73
2018-12-01,4190.02,118.1
2018-12-02,4161.01,116.57
2018-12-03,3884.01,108.76
2018-12-04,3951.64,109.94
2018-12-05,3769.84,102.71
2018-12-06,3508.75,91.0
2018-12-07,3403.55,93.05
2018-12-08,3410.93,90.38
2018-12-09,3545.37,93.26
2018-12-10,3432.88,89.91
2018-12-11,3380.39,87.76
2018-12-12,3445.0,89.41
2018-12-13,3302.06,86.34
2018-12-14,3224.17,83.82
2018-12-15,3211.72,83.76
2018-12-16,3228.67,84.67
2018-12-17,3509.08,94.02
2018-12-18,3652.98,100.39
2018-12-19,3662.22,98.74
2018-12-20,4049.62,114.05
2018-12-21,3838.66,107.69
2018-12-22,3948.91,115.2
2018-12-23,3929.71,129.03
2018-12-24,4008.01,138.03
2018-12-25,3745.79,127.6
2018-12-26,3777.74,129.35
2018-12-27,3567.91,113.8
2018-12-28,3839.26,135.3
2018-12-29,3695.32,132.89
2018-12-30,3801.91,137.77
2018-12-31,3702.9,131.45
2019-01-01,3797.14,139.1
2019-01-02,3858.56,152.01
2019-01-03,3766.78,146.3
2019-01-04,3792.01,151.97
2019-01-05,3770.96,152.83
2019-01-06,3987.6,153.86
2019-01-07,3975.45,149.34
2019-01-08,3955.13,147.6
2019-01-09,3966.65,148.1
2019-01-10,3585.88,124.95
2019-01-11,3601.31,124.65
2019-01-12,3583.13,123.35
2019-01-13,3476.81,114.16
2019-01-14,3626.09,126.95
2019-01-15,3553.06,118.95
2019-01-16,3591.84,121.48
2019-01-17,3616.21,121.54
2019-01-18,3594.87,119.17
2019-01-19,3665.3,122.6
2019-01-20,3539.28,117.47
2019-01-21,3526.9,115.63
2019-01-22,3570.93,117.81
2019-01-23,3552.82,116.44
2019-01-24,3569.62,116.39
2019-01-25,3565.29,115.11
2019-01-26,3565.25,115.34
2019-01-27,3550.84,112.05
2019-01-28,3434.15,105.5
2019-01-29,3411.04,104.45
2019-01-30,3458.18,108.29
2019-01-31,3434.1,106.44
2019-02-01,3462.07,106.73
2019-02-02,3504.77,110.42
2019-02-03,3458.11,107.36
2019-02-04,3463.22,107.68
2019-02-05,3471.59,107.27
2019-02-06,3405.37,104.5
2019-02-07,3398.4,104.48
2019-02-08,3659.04,119.25
2019-02-09,3665.18,119.19
2019-02-10,3680.06,125.12
2019-02-11,3631.05,120.89
2019-02-12,3631.46,122.41
2019-02-13,3609.4,121.86
2019-02-14,3590.56,120.42
2019-02-15,3602.47,121.67
2019-02-16,3618.41,122.67
2019-02-17,3667.58,133.75
2019-02-18,3898.6,145.69
2019-02-19,3907.79,143.44
2019-02-20,3969.74,148.44
2019-02-21,3937.31,145.69
2019-02-22,3962.0,147.36
2019-02-23,4117.76,157.79
2019-02-24,3743.56,132.1
2019-02-25,3827.92,137.87
2019-02-26,3809.23,136.22
2019-02-27,3818.07,135.02
2019-02-28,3813.69,135.34
2019-03-01,3823.0,135.32
2019-03-02,3819.93,132.56
2019-03-03,3807.75,130.6
2019-03-04,3715.3,125.65
2019-03-05,3857.73,136.72
2019-03-06,3861.84,137.4
2019-03-07,3873.64,136.81
2019-03-08,3864.89,133.52
2019-03-09,3943.04,137.27
2019-03-10,3916.82,135.37
2019-03-11,3871.61,132.67
2019-03-12,3882.73,133.57
2019-03-13,3866.0,131.65
2019-03-14,3877.12,132.2
2019-03-15,3923.76,136.56
2019-03-16,4005.98,140.92
2019-03-17,3981.14,138.67
2019-03-18,3987.81,137.59
2019-03-19,4015.53,138.55
2019-03-20,4043.04,139.01
2019-03-21,3980.64,134.85
2019-03-22,3986.93,135.98
2019-03-23,4006.01,137.28
2019-03-24,3992.18,136.09
2019-03-25,3936.12,133.98
2019-03-26,3948.55,134.18
2019-03-27,4038.05,139.45
2019-03-28,4027.81,137.86
2019-03-29,4103.25,143.25
2019-03-30,4106.97,142.46
2019-03-31,4103.95,141.38
2019-04-01,4144.56,141.24
2019-04-02,4857.29,163.31
2019-04-03,4932.6,159.96
2019-04-04,4898.66,157.36
2019-04-05,5004.95,164.77
2019-04-06,5043.89,165.5
2019-04-07,5170.27,174.21
2019-04-08,5236.9,178.72
2019-04-09,5150.0,174.6
2019-04-10,5308.25,177.12
2019-04-11,5017.37,164.07
2019-04-12,5048.01,163.19
2019-04-13,5045.22,162.99
2019-04-14,5131.3,167.23
2019-04-15,5024.95,159.95
2019-04-16,5173.72,165.37
2019-04-17,5202.82,165.75
2019-04-18,5258.44,173.33
2019-04-19,5258.68,172.64
2019-04-20,5291.73,172.88
2019-04-21,5256.14,168.59
2019-04-22,5357.14,170.52
2019-04-23,5493.31,169.16
2019-04-24,5415.0,164.78
2019-04-25,5219.9,154.72
2019-04-26,5314.1,157.95
2019-04-27,5295.69,159.31
2019-04-28,5307.52,157.85
2019-04-29,5238.14,155.11
2019-04-30,5320.81,161.83
2019-05-01,5383.2,160.19
2019-05-02,5492.87,161.81
2019-05-03,5772.69,168.06
2019-05-04,5829.45,163.7
2019-05-05,5775.62,163.05
2019-05-06,5747.79,173.0
2019-05-07,5846.34,169.18
2019-05-08,5987.29,170.85
2019-05-09,6209.18,170.9
2019-05-10,6373.33,172.91
2019-05-11,7076.22,190.2
2019-05-12,6967.31,188.11
2019-05-13,7790.71,195.84
2019-05-14,7947.56,216.4
2019-05-15,8169.87,248.1
2019-05-16,7866.59,264.25
2019-05-17,7355.26,244.3
2019-05-18,7257.45,233.6
2019-05-19,8148.48,259.51
2019-05-20,7938.15,250.37
2019-05-21,7904.87,253.43
2019-05-22,7628.43,243.64
2019-05-23,7851.51,244.56
2019-05-24,7964.87,248.87
2019-05-25,8025.41,250.22
2019-05-26,8614.43,264.45
2019-05-27,8756.32,270.53
2019-05-28,8715.64,271.03
2019-05-29,8645.68,268.83
2019-05-30,8269.54,254.56
2019-05-31,8555.0,267.9
2019-06-01,8544.07,264.33
2019-06-02,8725.98,268.88
2019-06-03,8115.82,249.91
2019-06-04,7687.03,241.39
2019-06-05,7776.5,245.63
2019-06-06,7786.7,248.76
2019-06-07,7980.53,248.77
2019-06-08,7893.62,243.25
2019-06-09,7628.13,230.98
2019-06-10,7982.75,246.51
2019-06-11,7884.9,244.29
2019-06-12,8127.64,261.15
2019-06-13,8218.54,254.67
2019-06-14,8650.0,262.47
2019-06-15,8808.7,267.82
2019-06-16,8953.33,267.73
2019-06-17,9313.96,273.16
2019-06-18,9081.55,264.66
2019-06-19,9255.49,268.14
2019-06-20,9517.12,271.22
2019-06-21,10159.86,294.35
2019-06-22,10729.5,310.79
2019-06-23,10906.07,308.52
2019-06-24,11056.59,311.64
2019-06-25,11820.86,318.26
2019-06-26,13093.8,339.39
2019-06-27,11329.99,298.35
2019-06-28,12400.63,311.05
2019-06-29,11903.13,317.62
2019-06-30,10854.1,292.7
2019-07-01,10624.93,295.07
2019-07-02,10842.85,291.48
2019-07-03,11940.0,301.14
2019-07-04,11145.67,282.73
2019-07-05,10970.73,287.47
2019-07-06,11256.49,288.29
2019-07-07,11406.24,304.72
2019-07-08,12238.6,311.97
2019-07-09,12543.41,307.46
2019-07-10,12108.37,289.23
2019-07-11,11342.89,268.63
2019-07-12,11757.22,274.62
2019-07-13,11355.76,268.79
2019-07-14,10174.18,225.85
2019-07-15,10838.72,228.2
2019-07-16,9439.59,198.88
2019-07-17,9667.92,210.81
2019-07-18,10627.16,225.73
2019-07-19,10504.29,220.73
2019-07-20,10740.23,228.2
2019-07-21,10589.45,225.38
2019-07-22,10340.31,217.51
2019-07-23,9864.91,212.48
2019-07-24,9763.28,216.31
2019-07-25,9879.87,219.14
2019-07-26,9824.0,218.81
2019-07-27,9476.52,207.3
2019-07-28,9541.54,211.62
2019-07-29,9507.64,210.89
2019-07-30,9574.21,209.58
2019-07-31,10080.53,218.42
2019-08-01,10374.99,216.84
2019-08-02,10523.75,217.61
2019-08-03,10816.86,222.14
2019-08-04,10929.23,221.79
2019-08-05,11828.8,233.54
2019-08-06,11481.69,226.28
2019-08-07,11975.03,226.1
2019-08-08,11999.77,221.39
2019-08-09,11879.99,210.53
2019-08-10,11309.31,206.48
2019-08-11,11549.97,216.42
2019-08-12,11396.08,211.41
2019-08-13,10892.71,209.3
2019-08-14,10050.37,187.1
2019-08-15,10293.93,188.03
2019-08-16,10331.54,184.88
2019-08-17,10216.02,185.59
2019-08-18,10306.78,194.33
2019-08-19,10915.54,202.28
2019-08-20,10760.51,196.6
2019-08-21,10142.57,187.45
2019-08-22,10099.88,190.35
2019-08-23,10389.55,194.02
2019-08-24,10134.35,190.6
2019-08-25,10142.69,186.54
2019-08-26,10372.25,188.67
2019-08-27,10185.05,187.24
2019-08-28,9721.0,173.03
2019-08-29,9498.44,169.01
2019-08-30,9584.54,168.5
2019-08-31,9587.47,171.57
2019-09-01,9724.98,170.74
2019-09-02,10340.0,178.05
2019-09-03,10615.28,178.75
2019-09-04,10567.02,174.72
2019-09-05,10564.49,173.75
2019-09-06,10298.73,169.08
2019-09-07,10455.88,177.62
2019-09-08,10381.18,181.19
2019-09-09,10303.12,180.54
2019-09-10,10098.15,179.81
2019-09-11,10158.33,178.28
2019-09-12,10415.01,180.72
2019-09-13,10342.06,180.95
2019-09-14,10335.02,188.13
2019-09-15,10302.01,189.03
2019-09-16,10251.31,197.22
2019-09-17,10187.82,207.84
2019-09-18,10156.99,210.21
2019-09-19,10244.29,220.24
2019-09-20,10168.59,218.03
2019-09-21,9986.39,215.05
2019-09-22,10028.87,211.2
2019-09-23,9702.25,201.29
2019-09-24,8493.14,165.81
2019-09-25,8430.05,169.96
2019-09-26,8063.73,165.92
2019-09-27,8177.91,173.79
2019-09-28,8198.81,173.49
2019-09-29,8043.82,169.24
2019-09-30,8289.34,180.85
2019-10-01,8292.44,175.66
2019-10-02,8359.94,180.24
2019-10-03,8223.96,174.69
2019-10-04,8137.13,175.55
2019-10-05,8126.19,176.25
2019-10-06,7854.25,170.1
2019-10-07,8190.09,179.85
2019-10-08,8168.39,180.6
2019-10-09,8560.74,192.62
2019-10-10,8558.03,191.14
2019-10-11,8258.5,180.72
2019-10-12,8300.09,179.68
2019-10-13,8275.01,180.99
2019-10-14,8348.2,186.72
2019-10-15,8159.29,180.49
2019-10-16,7991.74,174.47
2019-10-17,8070.58,177.16
2019-10-18,7947.01,172.74
2019-10-19,7948.01,171.79
2019-10-20,8223.35,175.22
2019-10-21,8197.27,173.98
2019-10-22,8020.0,171.2
2019-10-23,7466.62,162.35
2019-10-24,7412.41,160.38
2019-10-25,8655.02,181.5
2019-10-26,9230.0,179.49
2019-10-27,9529.93,183.75
2019-10-28,9205.14,181.72
2019-10-29,9407.62,190.46
2019-10-30,9154.72,183.13
2019-10-31,9140.85,182.18
2019-11-01,9231.61,182.85
2019-11-02,9289.52,182.91
2019-11-03,9194.71,181.54
2019-11-04,9393.35,185.71
2019-11-05,9308.66,188.68
2019-11-06,9339.05,191.16
2019-11-07,9216.2,186.68
2019-11-08,8773.73,183.74
2019-11-09,8809.41,184.89
2019-11-10,9039.47,188.96
2019-11-11,8733.27,184.98
2019-11-12,8821.94,187.09
2019-11-13,8777.12,188.11
2019-11-14,8646.68,184.92
2019-11-15,8471.73,180.0
2019-11-16,8491.02,182.37
2019-11-17,8502.4,183.82
2019-11-18,8187.17,178.2
2019-11-19,8133.64,175.94
2019-11-20,8098.01,174.72
2019-11-21,7627.74,161.01
2019-11-22,7268.23,149.56
2019-11-23,7311.57,151.84
2019-11-24,6903.28,139.96
2019-11-25,7109.57,145.69
2019-11-26,7156.14,147.47
2019-11-27,7508.52,152.62
2019-11-28,7419.49,150.72
2019-11-29,7739.68,154.57
2019-11-30,7541.89,151.37
2019-12-01,7390.89,150.73
2019-12-02,7294.28,148.65
2019-12-03,7292.71,147.17
2019-12-04,7194.32,145.38
2019-12-05,7389.0,148.1
2019-12-06,7527.47,148.45
2019-12-07,7488.21,147.14
2019-12-08,7510.11,150.44
2019-12-09,7338.64,147.38
2019-12-10,7224.13,145.56
2019-12-11,7210.0,143.39
2019-12-12,7198.08,144.87
2019-12-13,7258.48,144.8
2019-12-14,7064.05,141.79
2019-12-15,7118.59,142.46
2019-12-16,6891.72,132.73
2019-12-17,6623.82,121.88
2019-12-18,7277.83,132.78
2019-12-19,7150.3,128.1
2019-12-20,7187.83,128.19
2019-12-21,7132.75,126.99
2019-12-22,7501.44,132.09
2019-12-23,7317.09,127.8
2019-12-24,7255.77,127.75
2019-12-25,7204.63,125.09
2019-12-26,7202.0,125.58
2019-12-27,7254.74,126.29
2019-12-28,7316.14,128.11
2019-12-29,7388.24,134.36
2019-12-30,7246.0,131.59
2019-12-31,7195.23,129.16
2020-01-01,7200.85,130.77
2020-01-02,6965.71,127.19
2020-01-03,7344.96,134.35
2020-01-04,7354.11,134.2
2020-01-05,7358.75,135.37
2020-01-06,7758.0,144.15
2020-01-07,8145.28,142.8
2020-01-08,8055.98,140.72
2020-01-09,7817.76,137.74
2020-01-10,8197.02,144.84
2020-01-11,8020.01,142.38
2020-01-12,8184.98,146.54
2020-01-13,8110.34,143.58
2020-01-14,8810.01,165.64
2020-01-15,8821.41,166.4
2020-01-16,8720.01,164.21
2020-01-17,8913.28,169.85
2020-01-18,8915.96,174.14
2020-01-19,8701.7,166.79
2020-01-20,8642.35,166.87
2020-01-21,8736.03,169.49
2020-01-22,8682.36,168.07
2020-01-23,8404.52,162.81
2020-01-24,8439.0,162.54
2020-01-25,8340.58,160.35
2020-01-26,8615.0,167.86
2020-01-27,8907.57,170.08
2020-01-28,9374.21,175.64
2020-01-29,9301.53,173.72
2020-01-30,9513.21,184.69
2020-01-31,9352.89,179.99
2020-02-01,9384.61,183.6
2020-02-02,9331.51,188.44
2020-02-03,9292.24,189.69
2020-02-04,9197.02,188.91
2020-02-05,9612.04,203.78
2020-02-06,9772.0,213.19
2020-02-07,9813.73,223.33
2020-02-08,9895.05,223.05
2020-02-09,10151.75,228.49
2020-02-10,9851.83,222.89
2020-02-11,10223.08,236.69
2020-02-12,10326.46,265.74
2020-02-13,10229.63,268.32
2020-02-14,10344.36,285.15
2020-02-15,9904.72,264.88
2020-02-16,9917.27,258.85
2020-02-17,9706.0,267.85
2020-02-18,10164.71,282.61
2020-02-19,9593.79,258.45
2020-02-20,9596.42,256.96
2020-02-21,9677.05,265.27
2020-02-22,9650.86,261.57
2020-02-23,9936.4,274.48
2020-02-24,9656.13,265.52
2020-02-25,9315.84,246.67
2020-02-26,8785.25,223.93
2020-02-27,8823.21,227.79
2020-02-28,8692.91,226.76
2020-02-29,8523.61,217.21
2020-03-01,8531.88,217.81
2020-03-02,8915.24,231.97
2020-03-03,8760.07,223.91
2020-03-04,8750.87,224.26
2020-03-05,9054.68,228.38
2020-03-06,9131.88,244.88
2020-03-07,8886.66,237.23
2020-03-08,8033.31,199.43
2020-03-09,7929.87,202.81
2020-03-10,7894.56,200.7
2020-03-11,7934.52,194.61
2020-03-12,4800.0,107.82
2020-03-13,5578.6,134.06
2020-03-14,5172.06,122.54
2020-03-15,5361.3,123.78
2020-03-16,5028.97,111.02
2020-03-17,5312.64,115.67
2020-03-18,5393.04,118.11
2020-03-19,6162.37,136.3
2020-03-20,6208.36,133.48
2020-03-21,6186.98,132.66
2020-03-22,5816.19,122.32
2020-03-23,6467.31,135.92
2020-03-24,6744.72,138.42
2020-03-25,6677.43,136.1
2020-03-26,6737.36,138.4
2020-03-27,6359.11,131.33
2020-03-28,6236.65,130.98
2020-03-29,5881.42,124.5
2020-03-30,6394.38,132.06
2020-03-31,6410.44,132.72
2020-04-01,6642.92,135.69
2020-04-02,6794.09,141.28
2020-04-03,6734.1,141.31
2020-04-04,6856.99,144.1
2020-04-05,6772.78,142.68
2020-04-06,7329.9,171.32
2020-04-07,7197.32,164.63
2020-04-08,7361.28,173.11
2020-04-09,7283.54,169.52
2020-04-10,6858.92,157.81
2020-04-11,6876.83,158.33
2020-04-12,6903.79,158.59
2020-04-13,6837.91,156.29
2020-04-14,6868.7,158.45
2020-04-15,6621.24,152.73
2020-04-16,7101.94,172.29
2020-04-17,7027.55,170.69
2020-04-18,7248.6,187.4
2020-04-19,7120.74,180.03
2020-04-20,6826.83,170.2
2020-04-21,6841.37,170.74
2020-04-22,7125.14,182.7
2020-04-23,7482.39,185.51
2020-04-24,7505.0,187.59
2020-04-25,7538.67,194.21
2020-04-26,7693.1,197.38
2020-04-27,7774.62,196.34
2020-04-28,7738.98,196.24
2020-04-29,8778.57,215.36
2020-04-30,8620.0,206.08
2020-05-01,8826.96,212.02
2020-05-02,8972.05,213.9
2020-05-03,8894.16,209.86
2020-05-04,8871.96,206.48
2020-05-05,9021.83,205.29
2020-05-06,9142.92,198.97
2020-05-07,9986.4,212.0
2020-05-08,9800.01,211.31
2020-05-09,9539.4,210.07
2020-05-10,8722.77,187.54
2020-05-11,8561.52,185.73
2020-05-12,8810.79,189.76
2020-05-13,9309.37,199.58
2020-05-14,9791.98,203.29
2020-05-15,9316.42,194.86
2020-05-16,9381.27,200.45
2020-05-17,9680.04,207.0
2020-05-18,9733.93,214.91
2020-05-19,9775.53,214.58
2020-05-20,9511.43,209.98
2020-05-21,9068.65,198.74
2020-05-22,9170.0,207.36
2020-05-23,9179.15,206.6
2020-05-24,8720.34,199.9
2020-05-25,8900.35,204.15
2020-05-26,8841.18,200.89
2020-05-27,9204.07,208.29
2020-05-28,9575.89,220.21
2020-05-29,9427.07,220.67
2020-05-30,9697.72,243.66
2020-05-31,9448.27,231.57
2020-06-01,10200.77,248.23
2020-06-02,9518.04,237.71
2020-06-03,9666.24,244.52
2020-06-04,9789.06,243.21
2020-06-05,9621.16,240.03
2020-06-06,9666.3,241.94
2020-06-07,9746.99,244.56
2020-06-08,9782.01,246.4
2020-06-09,9772.43,243.8
2020-06-10,9885.0,247.78
2020-06-11,9280.4,230.51
2020-06-12,9465.13,237.55
2020-06-13,9473.34,238.11
2020-06-14,9342.1,231.77
2020-06-15,9426.02,230.86
2020-06-16,9525.59,235.3
2020-06-17,9465.14,233.82
2020-06-18,9386.32,231.27
2020-06-19,9310.23,229.0
2020-06-20,9358.95,228.89
2020-06-21,9294.69,228.04
2020-06-22,9685.69,243.13
2020-06-23,9624.89,243.14
2020-06-24,9296.49,234.58
2020-06-25,9249.49,232.5
2020-06-26,9162.21,229.64
2020-06-27,9012.0,220.94
2020-06-28,9116.35,224.93
2020-06-29,9192.56,227.93
2020-06-30,9138.55,225.6
2020-07-01,9232.0,230.99
2020-07-02,9086.54,226.46
2020-07-03,9058.26,224.87
2020-07-04,9135.46,229.17
2020-07-05,9069.41,227.56
2020-07-06,9344.2,241.6
2020-07-07,9257.39,239.39
2020-07-08,9436.06,246.95
2020-07-09,9232.43,241.98
2020-07-10,9288.34,241.26
2020-07-11,9234.03,239.19
2020-07-12,9302.75,242.79
2020-07-13,9242.62,239.5
2020-07-14,9255.85,240.44
2020-07-15,9197.6,238.61
2020-07-16,9133.72,233.57
2020-07-17,9154.32,232.67
2020-07-18,9170.28,235.67
2020-07-19,9208.99,239.11
2020-07-20,9160.78,236.01
2020-07-21,9390.0,245.59
2020-07-22,9518.16,263.74
2020-07-23,9603.27,275.3
2020-07-24,9537.8,279.15
2020-07-25,9700.42,305.26
2020-07-26,9931.54,311.0
2020-07-27,11029.96,321.93
2020-07-28,10906.27,316.77
2020-07-29,11100.53,317.71
2020-07-30,11099.61,334.87
2020-07-31,11335.46,346.33
2020-08-01,11801.17,387.0
2020-08-02,11071.35,372.42
2020-08-03,11219.81,385.94
2020-08-04,11191.97,389.61
2020-08-05,11744.91,400.72
2020-08-06,11762.46,394.77
2020-08-07,11594.23,379.34
2020-08-08,11761.41,397.03
2020-08-09,11681.68,390.14
2020-08-10,11892.92,395.44
2020-08-11,11392.08,379.0
2020-08-12,11564.33,387.18
2020-08-13,11780.0,424.54
2020-08-14,11760.54,438.11
2020-08-15,11852.4,432.32
2020-08-16,11911.0,433.62
2020-08-17,12281.13,430.89
2020-08-18,11945.01,421.95
2020-08-19,11754.59,407.46
2020-08-20,11853.55,415.94
2020-08-21,11531.34,387.97
2020-08-22,11662.96,395.24
2020-08-23,11648.13,390.71
2020-08-24,11748.2,407.68
2020-08-25,11318.42,382.93
2020-08-26,11461.43,385.81
2020-08-27,11330.38,383.27
2020-08-28,11526.91,395.11
2020-08-29,11465.84,398.65
2020-08-30,11711.16,428.94
2020-08-31,11649.51,433.79
2020-09-01,11921.97,475.4
2020-09-02,11388.54,439.5
2020-09-03,10140.85,381.4
2020-09-04,10446.25,385.26
2020-09-05,10166.69,335.01
2020-09-06,10256.2,352.8
2020-09-07,10373.44,353.59
2020-09-08,10126.65,337.39
2020-09-09,10219.2,350.85
2020-09-10,10336.87,367.93
2020-09-11,10387.89,373.63
2020-09-12,10440.92,387.78
2020-09-13,10332.83,366.42
2020-09-14,10671.77,377.12
2020-09-15,10785.31,364.06
2020-09-16,10954.01,365.11
2020-09-17,10939.99,389.36
2020-09-18,10933.39,384.39
2020-09-19,11080.65,385.25
2020-09-20,10920.28,371.04
2020-09-21,10417.22,340.36
2020-09-22,10529.61,344.21
2020-09-23,10241.46,320.72
2020-09-24,10736.32,348.97
2020-09-25,10686.67,351.92
2020-09-26,10728.6,353.92
2020-09-27,10774.25,357.49
2020-09-28,10696.12,353.96
2020-09-29,10840.48,359.79
2020-09-30,10776.59,359.83
2020-10-01,10619.13,352.85
2020-10-02,10570.4,345.6
2020-10-03,10542.06,345.95
2020-10-04,10666.63,352.37
2020-10-05,10792.21,353.62
2020-10-06,10599.66,340.75
2020-10-07,10666.39,341.58
2020-10-08,10925.57,350.95
2020-10-09,11050.64,365.02
2020-10-10,11293.22,370.52
2020-10-11,11369.02,374.16
2020-10-12,11528.25,386.51
2020-10-13,11420.56,381.04
2020-10-14,11417.89,378.69
2020-10-15,11505.12,377.64
2020-10-16,11319.32,365.5
2020-10-17,11360.2,368.32
2020-10-18,11503.14,378.11
2020-10-19,11751.47,379.3
2020-10-20,11909.99,368.52
2020-10-21,12780.96,390.38
2020-10-22,12968.52,413.98
2020-10-23,12923.07,409.11
2020-10-24,13111.73,412.14
2020-10-25,13028.83,405.86
2020-10-26,13052.19,392.52
2020-10-27,13636.17,403.45
2020-10-28,13266.4,388.23
2020-10-29,13455.7,387.13
2020-10-30,13560.1,382.49
2020-10-31,13791.0,386.46
2020-11-01,13761.5,396.67
2020-11-02,13549.37,383.02
2020-11-03,14023.53,387.88
2020-11-04,14144.01,402.49
2020-11-05,15590.02,416.69
2020-11-06,15579.92,455.91
2020-11-07,14818.3,435.21
2020-11-08,15475.1,454.3
2020-11-09,15328.41,444.32
2020-11-10,15297.21,450.34
2020-11-11,15684.24,463.09
2020-11-12,16291.86,462.39
2020-11-13,16320.7,476.43
2020-11-14,16070.45,460.89
2020-11-15,15957.0,448.08
2020-11-16,16713.57,460.55
2020-11-17,17659.38,482.15
2020-11-18,17776.12,478.41
2020-11-19,17802.82,471.25
2020-11-20,18655.67,510.12
2020-11-21,18703.8,552.35
2020-11-22,18414.43,560.03
2020-11-23,18368.0,608.58
2020-11-24,19160.01,604.97
2020-11-25,18719.11,569.5
2020-11-26,17149.47,519.83
2020-11-27,17139.52,518.68
2020-11-28,17719.85,537.52
2020-11-29,18184.99,576.3
2020-11-30,19695.87,616.66
2020-12-01,18764.96,585.26
2020-12-02,19204.09,596.89
2020-12-03,19421.9,615.85
2020-12-04,18650.52,567.24
2020-12-05,19147.66,596.8
2020-12-06,19359.4,601.54
2020-12-07,19166.9,591.28
2020-12-08,18324.11,554.94
2020-12-09,18541.28,573.09
2020-12-10,18254.63,558.99
2020-12-11,18036.53,544.43
2020-12-12,18808.69,568.04
2020-12-13,19174.99,590.7
2020-12-14,19273.14,586.29
2020-12-15,19426.43,588.64
2020-12-16,21335.52,637.18
2020-12-17,22797.16,642.7
2020-12-18,23107.39,653.85
2020-12-19,23821.61,658.03
2020-12-20,23455.52,638.18
2020-12-21,22719.71,607.58
2020-12-22,23810.79,636.45
2020-12-23,23232.76,585.56
2020-12-24,23729.2,612.31
2020-12-25,24712.47,626.82
2020-12-26,26493.39,637.44
2020-12-27,26281.66,685.11
2020-12-28,27079.41,730.41
2020-12-29,27385.0,732.0
2020-12-30,28875.54,752.17
2020-12-31,28923.63,736.42
2021-01-01,29331.69,728.91
2021-01-02,32178.33,774.56
2021-01-03,33000.05,978.28
2021-01-04,31988.71,1041.43
2021-01-05,33949.53,1099.56
2021-01-06,36769.36,1208.42
2021-01-07,39432.28,1224.87
2021-01-08,40582.81,1216.93
2021-01-09,40088.22,1276.0
2021-01-10,38150.02,1254.25
2021-01-11,35404.47,1087.01
2021-01-12,34051.24,1050.16
2021-01-13,37371.38,1129.89
2021-01-14,39144.5,1231.62
2021-01-15,36742.22,1168.53
2021-01-16,35994.98,1227.83
2021-01-17,35828.61,1232.45
2021-01-18,36631.27,1258.45
2021-01-19,35891.49,1365.36
2021-01-20,35468.23,1376.99
2021-01-21,30850.13,1110.96
2021-01-22,32945.17,1232.62
2021-01-23,32078.0,1233.6
2021-01-24,32259.9,1392.51
2021-01-25,32254.2,1317.88
2021-01-26,32467.77,1365.97
2021-01-27,30366.15,1239.03
2021-01-28,33364.86,1329.69
2021-01-29,34252.2,1379.5
2021-01-30,34262.88,1378.05
2021-01-31,33092.98,1312.55
2021-02-01,33526.37,1374.17
2021-02-02,35466.24,1511.87
2021-02-03,37618.87,1664.49
2021-02-04,36936.66,1595.67
2021-02-05,38290.24,1719.19
2021-02-06,39186.94,1676.35
2021-02-07,38795.69,1611.62
2021-02-08,46374.87,1750.15
2021-02-09,46420.42,1769.13
2021-02-10,44807.58,1740.78
2021-02-11,47969.51,1785.62
2021-02-12,47287.6,1840.26
2021-02-13,47153.69,1814.96
2021-02-14,48577.79,1800.42
2021-02-15,47911.1,1779.25
2021-02-16,49133.45,1781.99
2021-02-17,52119.71,1849.88
2021-02-18,51552.6,1939.61
2021-02-19,55906.0,1955.0
2021-02-20,55841.19,1913.0
2021-02-21,57408.57,1933.53
2021-02-22,54087.67,1777.58
2021-02-23,48891.0,1577.89
2021-02-24,49676.2,1623.39
2021-02-25,47073.73,1481.75
2021-02-26,46276.87,1444.59
2021-02-27,46106.43,1458.13
2021-02-28,45135.66,1419.18
2021-03-01,49587.03,1569.86
2021-03-02,48440.65,1486.78
2021-03-03,50349.37,1567.69
2021-03-04,48374.09,1539.23
2021-03-05,48751.71,1528.31
2021-03-06,48882.2,1650.35
2021-03-07,50971.75,1726.16
2021-03-08,52375.17,1833.18
2021-03-09,54884.5,1870.51
2021-03-10,55851.59,1795.12
2021-03-11,57773.16,1825.78
2021-03-12,57221.72,1766.1
2021-03-13,61188.39,1922.35
2021-03-14,58968.31,1848.1
2021-03-15,55605.2,1793.48
2021-03-16,56900.75,1805.12
2021-03-17,58912.97,1823.58
2021-03-18,57648.16,1776.08
2021-03-19,58030.01,1809.1
2021-03-20,58102.28,1806.1
2021-03-21,57351.56,1782.98
2021-03-22,54083.25,1680.97
2021-03-23,54340.89,1668.08
2021-03-24,52303.65,1581.84
2021-03-25,51293.78,1585.74
2021-03-26,55025.59,1698.84
2021-03-27,55817.14,1712.63
2021-03-28,55777.63,1687.01
2021-03-29,57635.47,1816.74
2021-03-30,58746.57,1840.46
2021-03-31,58740.55,1919.37
2021-04-01,58720.44,1968.05
2021-04-02,58950.01,2133.69
2021-04-03,57051.94,2008.52
2021-04-04,58202.01,2075.69
2021-04-05,59129.99,2107.38
2021-04-06,57991.15,2112.21
2021-04-07,55953.45,1963.47
2021-04-08,58077.52,2080.46
2021-04-09,58142.54,2066.87
2021-04-10,59769.13,2133.49
2021-04-11,60002.43,2151.36
2021-04-12,59860.0,2137.69
2021-04-13,63575.0,2299.19
2021-04-14,62959.53,2432.6
2021-04-15,63159.98,2514.04
2021-04-16,61334.8,2422.67
2021-04-17,60006.66,2317.6
2021-04-18,56150.01,2235.64
2021-04-19,55633.14,2161.12
2021-04-20,56425.0,2330.03
2021-04-21,53787.63,2357.06
2021-04-22,51690.96,2397.94
2021-04-23,51125.14,2367.39
2021-04-24,50047.84,2213.35
2021-04-25,49066.77,2320.49
2021-04-26,54001.39,2532.6
2021-04-27,55011.97,2666.13
2021-04-28,54846.22,2748.24
2021-04-29,53555.0,2757.04
2021-04-30,57694.27,2772.42
2021-05-01,57800.37,2944.77
2021-05-02,56578.21,2949.56
2021-05-03,57169.39,3431.04
2021-05-04,53200.01,3239.01
2021-05-05,57436.11,3524.26
2021-05-06,56393.68,3489.73
2021-05-07,57314.75,3479.53
2021-05-08,58862.05,3910.26
2021-05-09,58240.84,3923.95
2021-05-10,55816.14,3945.88
2021-05-11,56670.02,4173.45
2021-05-12,49631.32,3823.21
2021-05-13,49670.97,3717.91
2021-05-14,49841.45,4075.01
2021-05-15,46762.99,3646.68
2021-05-16,46431.5,3582.1
2021-05-17,43538.04,3282.51
2021-05-18,42849.78,3375.07
2021-05-19,36690.09,2438.92
2021-05-20,40526.64,2768.62
2021-05-21,37252.01,2430.98
2021-05-22,37449.73,2294.87
2021-05-23,34655.25,2096.39
2021-05-24,38796.29,2648.43
2021-05-25,38324.72,2705.11
2021-05-26,39241.91,2884.94
2021-05-27,38529.98,2742.23
2021-05-28,35663.49,2412.1
2021-05-29,34605.15,2278.74
2021-05-30,35641.27,2385.98
2021-05-31,37253.81,2706.15
2021-06-01,36693.09,2634.57
2021-06-02,37568.68,2706.22
2021-06-03,39246.79,2857.25
2021-06-04,36829.0,2689.51
2021-06-05,35513.2,2627.73
2021-06-06,35796.31,2711.92
2021-06-07,33552.79,2592.05
2021-06-08,33380.81,2507.23
2021-06-09,37388.05,2610.18
2021-06-10,36675.72,2471.09
2021-06-11,37331.98,2354.01
2021-06-12,35546.11,2370.74
2021-06-13,39020.57,2509.33
2021-06-14,40516.29,2580.77
2021-06-15,40144.04,2543.54
2021-06-16,38349.01,2367.89
2021-06-17,38092.97,2373.28
2021-06-18,35819.84,2234.09
2021-06-19,35483.72,2164.67
2021-06-20,35600.16,2243.47
2021-06-21,31608.93,1885.49
2021-06-22,32509.56,1879.28
2021-06-23,33678.07,1968.14
2021-06-24,34663.09,1989.52
2021-06-25,31584.45,1808.82
2021-06-26,32283.65,1829.64
2021-06-27,34700.34,1982.28
2021-06-28,34494.89,2084.41
2021-06-29,35911.73,2165.33
2021-06-30,35045.0,2275.68
2021-07-01,33504.69,2106.41
2021-07-02,33786.55,2154.13
2021-07-03,34669.13,2226.99
2021-07-04,35286.51,2322.69
2021-07-05,33690.14,2196.53
2021-07-06,34220.01,2322.5
2021-07-07,33862.12,2316.57
2021-07-08,32875.71,2116.33
2021-07-09,33815.81,2146.99
2021-07-10,33502.87,2110.69
2021-07-11,34258.99,2140.45
2021-07-12,33086.63,2031.58
2021-07-13,32729.77,1940.15
2021-07-14,32820.02,1994.58
2021-07-15,31880.0,1919.51
2021-07-16,31383.87,1876.26
2021-07-17,31520.07,1899.59
2021-07-18,31778.56,1891.64
2021-07-19,30839.65,1818.73
2021-07-20,29790.35,1786.03
2021-07-21,32144.51,1995.5
2021-07-22,32287.83,2024.56
2021-07-23,33634.09,2124.25
2021-07-24,34258.14,2184.75
2021-07-25,35381.02,2189.79
2021-07-26,37237.6,2228.08
2021-07-27,39457.87,2299.49
2021-07-28,40019.56,2300.9
2021-07-29,40016.48,2382.92
2021-07-30,42206.37,2461.81
2021-07-31,41461.83,2531.05
2021-08-01,39845.44,2555.69
2021-08-02,39147.82,2606.93
2021-08-03,38207.05,2509.04
2021-08-04,39723.18,2724.78
2021-08-05,40862.46,2826.99
2021-08-06,42836.87,2891.58
2021-08-07,44572.54,3160.31
2021-08-08,43794.37,3011.85
2021-08-09,46253.4,3160.52
2021-08-10,45584.99,3141.66
2021-08-11,45511.0,3160.5
2021-08-12,44399.0,3045.96
2021-08-13,47800.0,3322.32
2021-08-14,47068.51,3263.16
2021-08-15,46973.82,3307.09
2021-08-16,45901.29,3146.53
2021-08-17,44695.95,3011.72
2021-08-18,44705.29,3014.55
2021-08-19,46760.62,3184.12
2021-08-20,49322.47,3284.82
2021-08-21,48821.87,3223.43
2021-08-22,49239.22,3238.0
2021-08-23,49488.85,3321.28
2021-08-24,47674.01,3170.62
2021-08-25,48973.32,3226.87
2021-08-26,46843.87,3093.2
2021-08-27,49069.9,3273.45
2021-08-28,48895.35,3244.48
2021-08-29,48767.83,3223.47
2021-08-30,46982.91,3229.64
2021-08-31,47100.89,3429.2
2021-09-01,48810.52,3826.82
2021-09-02,49246.64,3785.82
2021-09-03,49999.14,3938.11
2021-09-04,49915.64,3885.52
2021-09-05,51756.88,3950.29
2021-09-06,52663.9,3926.77
2021-09-07,46863.73,3434.57
2021-09-08,46048.31,3499.0
2021-09-09,46395.14,3424.93
2021-09-10,44850.91,3208.86
2021-09-11,45173.69,3267.21
2021-09-12,46025.24,3404.21
2021-09-13,44940.73,3285.35
2021-09-14,47111.52,3434.37
2021-09-15,48121.41,3613.55
2021-09-16,47737.82,3567.98
2021-09-17,47299.98,3399.81
2021-09-18,48292.74,3435.64
2021-09-19,47241.75,3328.62
2021-09-20,43015.62,2977.28
2021-09-21,40734.38,2765.9
2021-09-22,43543.61,3076.92
2021-09-23,44865.26,3152.5
2021-09-24,42810.57,2928.53
2021-09-25,42670.64,2921.73
2021-09-26,43160.9,3059.37
2021-09-27,42147.35,2925.59
2021-09-28,41026.54,2804.91
2021-09-29,41524.28,2850.45
2021-09-30,43824.1,3000.61
2021-10-01,48141.61,3309.91
2021-10-02,47634.9,3387.76
2021-10-03,48200.01,3417.73
2021-10-04,49224.94,3386.31
2021-10-05,51471.99,3515.27
2021-10-06,55315.0,3574.89
2021-10-07,53785.22,3587.47
2021-10-08,53951.43,3563.13
2021-10-09,54949.72,3574.82
2021-10-10,54659.0,3414.22
2021-10-11,57471.35,3542.12
2021-10-12,55996.93,3491.46
2021-10-13,57367.0,3607.42
2021-10-14,57347.94,3790.82
2021-10-15,61672.42,3868.99
2021-10-16,60875.57,3829.96
2021-10-17,61528.33,3846.85
2021-10-18,62009.84,3744.96
2021-10-19,64280.59,3877.03
2021-10-20,66001.41,4161.15
2021-10-21,62193.15,4052.99
2021-10-22,60688.22,3972.2
2021-10-23,61286.75,4167.12
2021-10-24,60852.22,4082.33
2021-10-25,63078.78,4220.37
2021-10-26,60328.81,4131.52
2021-10-27,58413.44,3922.0
2021-10-28,60575.89,4286.02
2021-10-29,62253.71,4418.89
2021-10-30,61859.19,4322.68
2021-10-31,61299.8,4287.21
2021-11-01,60911.11,4319.43
2021-11-02,63219.99,4589.89
2021-11-03,62896.48,4603.35
2021-11-04,61395.01,4532.32
2021-11-05,60937.12,4474.24
2021-11-06,61470.61,4518.0
2021-11-07,63273.59,4612.59
2021-11-08,67525.83,4807.98
2021-11-09,66947.66,4732.33
2021-11-10,64882.43,4628.78
2021-11-11,64774.26,4719.0
2021-11-12,64122.23,4665.46
2021-11-13,64380.0,4644.28
2021-11-14,65519.1,4626.5
2021-11-15,63606.74,4563.78
2021-11-16,60058.87,4209.76
2021-11-17,60344.87,4287.8
2021-11-18,56891.62,3996.9
2021-11-19,58052.24,4294.76
2021-11-20,59707.51,4412.17
2021-11-21,58622.02,4258.31
2021-11-22,56247.18,4085.97
2021-11-23,57541.27,4339.44
2021-11-24,57138.29,4269.36
2021-11-25,58960.36,4524.85
2021-11-26,53726.53,4041.2
2021-11-27,54721.03,4095.29
2021-11-28,57274.88,4294.78
2021-11-29,57776.25,4444.53
2021-11-30,56950.56,4630.26
2021-12-01,57184.07,4582.95
2021-12-02,56480.34,4511.21
2021-12-03,53601.05,4215.73
2021-12-04,49152.47,4117.25
2021-12-05,49396.33,4196.44
2021-12-06,50441.92,4347.59
2021-12-07,50588.95,4306.4
2021-12-08,50471.19,4436.91
2021-12-09,47545.59,4105.64
2021-12-10,47140.54,3897.94
2021-12-11,49389.99,4089.37
2021-12-12,50053.9,4130.0
2021-12-13,46702.75,3781.93
2021-12-14,48343.28,3858.99
2021-12-15,48864.98,4019.08
2021-12-16,47632.38,3958.11
2021-12-17,46131.2,3875.42
2021-12-18,46834.48,3959.93
2021-12-19,46681.23,3924.14
2021-12-20,46914.16,3944.73
2021-12-21,48889.88,4014.15
2021-12-22,48588.16,3979.51
2021-12-23,50838.81,4111.41
2021-12-24,50820.0,4046.36
2021-12-25,50399.66,4094.83
2021-12-26,50775.49,4063.56
2021-12-27,50701.44,4037.23
2021-12-28,47543.74,3792.75
2021-12-29,46464.66,3630.19
2021-12-30,47120.87,3709.27
2021-12-31,46216.93,3676.23
2022-01-01,47722.65,3765.54
2022-01-02,47286.18,3828.27
2022-01-03,46446.1,3765.89
2022-01-04,45832.01,3785.11
2022-01-05,43451.13,3540.63
2022-01-06,43082.31,3406.81
2022-01-07,41566.48,3199.24
2022-01-08,41679.74,3080.95
2022-01-09,41864.62,3151.97
2022-01-10,41822.49,3082.68
2022-01-11,42729.29,3239.72
2022-01-12,43902.66,3371.26
2022-01-13,42560.11,3240.61
2022-01-14,43059.96,3307.42
2022-01-15,43084.29,3326.04
2022-01-16,43071.66,3346.88
2022-01-17,42201.62,3209.67
2022-01-18,42352.12,3159.85
2022-01-19,41660.01,3084.02
2022-01-20,40680.91,3001.48
2022-01-21,36445.31,2568.15
2022-01-22,35071.42,2412.18
2022-01-23,36244.55,2539.01
2022-01-24,36660.35,2439.29
2022-01-25,36958.32,2458.83
2022-01-26,36809.34,2462.99
2022-01-27,37160.1,2424.25
2022-01-28,37716.56,2544.99
2022-01-29,38166.84,2601.43
2022-01-30,37881.76,2601.68
2022-01-31,38466.9,2686.94
2022-02-01,38694.59,2787.23
2022-02-02,36896.36,2680.67
2022-02-03,37311.61,2695.46
2022-02-04,41574.25,2994.99
2022-02-05,41382.59,3012.65
2022-02-06,42380.87,3054.99
2022-02-07,43839.99,3139.77
2022-02-08,44042.99,3116.69
2022-02-09,44372.72,3243.94
2022-02-10,43495.44,3072.49
2022-02-11,42373.73,2927.54
2022-02-12,42217.87,2918.88
2022-02-13,42053.66,2871.13
2022-02-14,42535.94,2929.75
2022-02-15,44544.86,3183.52
2022-02-16,43873.56,3122.3
2022-02-17,40515.7,2891.87
2022-02-18,39974.44,2779.48
2022-02-19,40079.17,2763.63
2022-02-20,38386.89,2621.99
2022-02-21,37008.16,2568.02
2022-02-22,38230.33,2636.29
2022-02-23,37250.01,2579.71
2022-02-24,38327.21,2596.2
2022-02-25,39219.17,2768.49
2022-02-26,39116.72,2779.47
2022-02-27,37699.07,2616.79
2022-02-28,43160.0,2920.95
2022-03-01,44421.2,2976.33
2022-03-02,43892.98,2947.3
2022-03-03,42454.0,2833.99
2022-03-04,39148.66,2622.1
2022-03-05,39397.96,2665.15
2022-03-06,38420.81,2551.29
2022-03-07,37988.0,2491.12
2022-03-08,38730.63,2575.97
2022-03-09,41941.71,2726.98
2022-03-10,39422.0,2606.7
2022-03-11,38729.57,2556.86
2022-03-12,38807.36,2568.8
2022-03-13,37777.34,2515.65
2022-03-14,39671.37,2589.41
2022-03-15,39280.33,2617.73
2022-03-16,41114.0,2773.81
2022-03-17,40917.9,2811.92
2022-03-18,41757.51,2938.92
2022-03-19,42201.13,2950.84
2022-03-20,41262.11,2861.38
2022-03-21,41002.25,2890.03
2022-03-22,42364.13,2969.64
2022-03-23,42882.76,3036.0
2022-03-24,43991.46,3110.76
2022-03-25,44313.16,3102.14
2022-03-26,44511.27,3145.0
2022-03-27,46827.76,3295.65
2022-03-28,47122.21,3332.92
2022-03-29,47434.8,3400.51
2022-03-30,47067.99,3385.79
2022-03-31,45510.34,3281.51
2022-04-01,46283.49,3455.21
2022-04-02,45811.0,3443.77
2022-04-03,46407.35,3521.91
2022-04-04,46580.51,3519.5
2022-04-05,45497.55,3406.99
2022-04-06,43170.47,3168.51
2022-04-07,43444.19,3227.19
2022-04-08,42252.01,3192.39
2022-04-09,42753.97,3258.57
2022-04-10,42158.85,3203.04
2022-04-11,39530.45,2979.74
2022-04-12,40074.94,3027.66
2022-04-13,41147.79,3118.28
2022-04-14,39942.38,3021.98
2022-04-15,40551.9,3040.56
2022-04-16,40378.71,3059.3
2022-04-17,39678.12,2988.06
2022-04-18,40801.13,3055.56
2022-04-19,41493.18,3101.77
2022-04-20,41358.19,3076.04
2022-04-21,40480.01,2983.58
2022-04-22,39709.18,2962.39
2022-04-23,39441.6,2933.03
2022-04-24,39450.13,2921.0
2022-04-25,40426.08,3006.62
2022-04-26,38112.65,2809.67
2022-04-27,39235.72,2888.96
2022-04-28,39742.07,2936.93
2022-04-29,38596.11,2817.13
2022-04-30,37630.8,2726.66
2022-05-01,38468.35,2824.81
2022-05-02,38525.16,2856.54
2022-05-03,37728.95,2781.7
2022-05-04,39690.0,2940.64
2022-05-05,36552.97,2747.97
2022-05-06,36013.77,2692.85
2022-05-07,35472.39,2635.34
2022-05-08,34038.4,2519.71
2022-05-09,30076.31,2228.55
2022-05-10,31017.1,2342.05
2022-05-11,29103.94,2084.99
2022-05-12,29029.75,1960.22
2022-05-13,29287.05,2009.69
2022-05-14,30086.74,2056.48
2022-05-15,31328.89,2145.29
2022-05-16,29874.01,2023.66
2022-05-17,30444.93,2090.72
2022-05-18,28715.32,1915.11
2022-05-19,30319.23,2019.55
2022-05-20,29201.01,1959.08
2022-05-21,29445.06,1975.07
2022-05-22,30293.94,2043.19
2022-05-23,29109.15,1973.32
2022-05-24,29654.58,1979.41
2022-05-25,29542.15,1942.63
2022-05-26,29201.35,1792.23
2022-05-27,28629.8,1727.27
2022-05-28,29031.33,1792.22
2022-05-29,29468.1,1813.64
2022-05-30,31734.22,1998.78
2022-05-31,31801.04,1941.9
2022-06-01,29805.83,1817.95
2022-06-02,30452.62,1834.08
2022-06-03,29700.21,1775.12
2022-06-04,29864.04,1804.58
2022-06-05,29919.21,1806.23
2022-06-06,31373.1,1859.84
2022-06-07,31125.33,1813.33
2022-06-08,30204.77,1791.88
2022-06-09,30109.93,1788.81
2022-06-10,29091.88,1662.91
2022-06-11,28424.7,1532.89
2022-06-12,26574.53,1434.84
2022-06-13,22487.41,1209.82
2022-06-14,22136.41,1208.9
2022-06-15,22583.72,1237.52
2022-06-16,20401.31,1068.5
2022-06-17,20468.81,1086.94
2022-06-18,18970.79,995.13
2022-06-19,20574.0,1128.53
2022-06-20,20573.89,1128.24
2022-06-21,20723.52,1125.85
2022-06-22,19987.99,1050.19
2022-06-23,21110.13,1144.72
2022-06-24,21237.69,1225.02
2022-06-25,21491.19,1242.36
2022-06-26,21038.07,1197.79
2022-06-27,20742.56,1192.51
2022-06-28,20281.29,1144.05
2022-06-29,20123.01,1100.21
2022-06-30,19942.21,1071.01
2022-07-01,19279.8,1059.73
2022-07-02,19252.81,1067.01
2022-07-03,19315.83,1074.26
2022-07-04,20236.71,1151.0
2022-07-05,20175.83,1132.5
2022-07-06,20564.51,1186.57
2022-07-07,21624.98,1237.49
2022-07-08,21594.75,1214.04
2022-07-09,21591.83,1217.02
2022-07-10,20862.47,1168.36
2022-07-11,19963.61,1096.4
2022-07-12,19328.75,1038.58
2022-07-13,20234.87,1115.0
2022-07-14,20588.84,1193.42
2022-07-15,20830.04,1231.25
2022-07-16,21195.6,1355.85
2022-07-17,20798.16,1338.65
2022-07-18,22432.58,1581.04
2022-07-19,23396.62,1542.32
2022-07-20,23223.3,1521.58
2022-07-21,23152.19,1575.45
2022-07-22,22684.83,1535.27
2022-07-23,22451.07,1548.67
2022-07-24,22579.68,1597.7
2022-07-25,21310.9,1440.79
2022-07-26,21254.67,1449.12
2022-07-27,22952.45,1635.74
2022-07-28,23842.93,1724.52
2022-07-29,23773.75,1721.68
2022-07-30,23643.51,1697.0
2022-07-31,23293.32,1678.12
2022-08-01,23268.01,1630.28
2022-08-02,22987.79,1630.91
2022-08-03,22818.37,1618.16
2022-08-04,22622.98,1607.96
2022-08-05,23312.42,1736.81
2022-08-06,22954.21,1690.6
2022-08-07,23174.39,1700.19
2022-08-08,23810.0,1777.05
2022-08-09,23149.95,1702.76
2022-08-10,23954.05,1853.57
2022-08-11,23934.39,1880.19
2022-08-12,24403.68,1958.28
2022-08-13,24441.38,1983.55
2022-08-14,24305.24,1935.31
2022-08-15,24094.82,1899.06
2022-08-16,23854.74,1876.67
2022-08-17,23342.66,1834.25
2022-08-18,23191.2,1846.39
2022-08-19,20834.39,1609.01
2022-08-20,21140.07,1576.04
2022-08-21,21515.61,1618.13
2022-08-22,21399.83,1624.66
2022-08-23,21529.12,1665.41
2022-08-24,21368.08,1656.56
2022-08-25,21559.04,1695.11
2022-08-26,20241.05,1508.18
2022-08-27,20037.6,1491.06
2022-08-28,19555.61,1426.76
2022-08-29,20285.73,1551.8
2022-08-30,19811.66,1524.59
2022-08-31,20050.02,1554.1
2022-09-01,20131.46,1586.16
2022-09-02,19951.86,1575.35
2022-09-03,19831.9,1557.46
2022-09-04,20000.3,1579.28
2022-09-05,19796.84,1617.8
2022-09-06,18790.61,1559.01
2022-09-07,19292.84,1630.0
2022-09-08,19319.77,1635.37
2022-09-09,21360.11,1718.23
2022-09-10,21648.34,1774.12
2022-09-11,21826.87,1766.11
2022-09-12,22395.74,1716.37
2022-09-13,20173.57,1574.4
2022-09-14,20226.71,1638.39
2022-09-15,19701.88,1472.75
2022-09-16,19803.3,1433.9
2022-09-17,20113.62,1468.83
2022-09-18,19416.18,1334.51
2022-09-19,19537.02,1375.98
2022-09-20,18875.0,1322.93
2022-09-21,18461.36,1245.78
2022-09-22,19401.63,1326.46
2022-09-23,19289.91,1327.25
2022-09-24,18920.5,1317.13
2022-09-25,18807.38,1294.63
2022-09-26,19227.82,1336.17
2022-09-27,19079.13,1328.02
2022-09-28,19412.82,1337.2
2022-09-29,19591.51,1335.7
2022-09-30,19422.61,1328.72
2022-10-01,19310.95,1311.79
2022-10-02,19056.8,1276.72
2022-10-03,19629.08,1323.09
2022-10-04,20337.82,1361.49
2022-10-05,20158.26,1352.2
2022-10-06,19960.67,1352.06
2022-10-07,19530.09,1331.1
2022-10-08,19417.96,1315.48
2022-10-09,19439.02,1323.13
2022-10-10,19131.87,1290.03
2022-10-11,19060.0,1280.11
2022-10-12,19155.53,1294.44
2022-10-13,19375.13,1287.08
2022-10-14,19176.93,1296.27
2022-10-15,19069.39,1274.92
2022-10-16,19262.98,1305.95
2022-10-17,19549.86,1331.4
2022-10-18,19327.44,1310.71
2022-10-19,19123.97,1285.09
2022-10-20,19041.92,1282.57
2022-10-21,19164.37,1299.75
2022-10-22,19204.35,1313.61
2022-10-23,19570.4,1364.2
2022-10-24,19329.72,1343.61
2022-10-25,20080.07,1459.74
2022-10-26,20771.59,1566.1
2022-10-27,20295.11,1514.05
2022-10-28,20591.84,1554.41
2022-10-29,20809.67,1619.55
2022-10-30,20627.48,1590.44
2022-10-31,20490.74,1572.69
2022-11-01,20483.62,1578.48
2022-11-02,20151.84,1518.34
2022-11-03,20207.82,1531.01
2022-11-04,21148.52,1644.78
2022-11-05,21299.37,1626.98
2022-11-06,20905.58,1568.29
2022-11-07,20591.13,1568.1
2022-11-08,18547.23,1334.77
2022-11-09,15922.81,1102.73
2022-11-10,17601.15,1299.28
2022-11-11,17070.31,1289.28
2022-11-12,16812.08,1257.25
2022-11-13,16329.85,1221.49
2022-11-14,16619.46,1243.28
2022-11-15,16900.57,1253.23
2022-11-16,16662.76,1216.17
2022-11-17,16692.56,1200.43
2022-11-18,16700.45,1212.58
2022-11-19,16700.68,1217.67
2022-11-20,16280.23,1142.21
2022-11-21,15781.29,1107.34
2022-11-22,16226.94,1139.6
2022-11-23,16603.11,1184.52
2022-11-24,16598.95,1203.73
2022-11-25,16522.14,1199.3
2022-11-26,16458.57,1205.6
2022-11-27,16428.78,1193.88
2022-11-28,16212.91,1167.77
2022-11-29,16442.53,1216.49
2022-11-30,17163.64,1294.46
2022-12-01,16977.37,1276.41
2022-12-02,17092.74,1295.59
2022-12-03,16885.2,1240.51
2022-12-04,17105.7,1279.41
2022-12-05,16966.35,1259.41
2022-12-06,17088.96,1271.32
2022-12-07,16836.64,1231.18
2022-12-08,17224.1,1280.18
2022-12-09,17128.56,1263.1
2022-12-10,17127.49,1266.35
2022-12-11,17085.05,1263.01
2022-12-12,17209.83,1275.4
2022-12-13,17774.7,1320.69
2022-12-14,17803.15,1307.44
2022-12-15,17356.34,1266.54
2022-12-16,16632.12,1166.83
2022-12-17,16776.52,1187.16
2022-12-18,16738.21,1183.06
2022-12-19,16438.88,1167.82
2022-12-20,16895.56,1216.94
2022-12-21,16824.67,1213.78
2022-12-22,16821.43,1217.71
2022-12-23,16778.5,1219.99
2022-12-24,16836.12,1220.41
2022-12-25,16832.11,1218.51
2022-12-26,16919.39,1228.11
2022-12-27,16706.36,1211.55
2022-12-28,16547.31,1190.15
2022-12-29,16633.47,1200.49
2022-12-30,16607.48,1199.99
2022-12-31,16542.4,1196.13
2023-01-01,16616.75,1200.34
2023-01-02,16672.87,1214.0
2023-01-03,16675.18,1214.55
2023-01-04,16850.36,1256.9
2023-01-05,16831.85,1251.24
2023-01-06,16950.65,1269.14
2023-01-07,16943.57,1264.07
2023-01-08,17127.83,1290.16
2023-01-09,17178.26,1320.39
2023-01-10,17440.66,1335.62
2023-01-11,17943.26,1389.39
2023-01-12,18846.62,1415.92
2023-01-13,19930.01,1451.2
2023-01-14,20954.92,1549.9
2023-01-15,20871.5,1552.52
2023-01-16,21185.65,1576.94
2023-01-17,21134.81,1565.57
2023-01-18,20677.47,1511.43
2023-01-19,21071.59,1551.09
2023-01-20,22667.21,1658.52
2023-01-21,22783.55,1626.66
2023-01-22,22707.88,1627.44
2023-01-23,22916.45,1626.29
2023-01-24,22632.89,1555.97
2023-01-25,23060.94,1611.94
2023-01-26,23009.65,1601.09
2023-01-27,23074.16,1597.62
2023-01-28,23022.6,1572.1
2023-01-29,23742.3,1644.72
2023-01-30,22826.15,1566.2
2023-01-31,23125.13,1585.33
2023-02-01,23732.66,1641.68
2023-02-02,23488.94,1643.12
2023-02-03,23431.9,1663.52
2023-02-04,23326.84,1666.38
2023-02-05,22932.91,1629.02
2023-02-06,22762.52,1614.29
2023-02-07,23240.46,1671.03
2023-02-08,22963.0,1650.43
2023-02-09,21796.35,1545.35
2023-02-10,21625.19,1513.06
2023-02-11,21862.55,1538.51
2023-02-12,21783.54,1514.83
2023-02-13,21773.97,1505.24
2023-02-14,22199.84,1555.71
2023-02-15,24324.05,1674.92
2023-02-16,23517.72,1637.84
2023-02-17,24569.97,1693.87
2023-02-18,24631.95,1691.62
2023-02-19,24271.76,1679.75
2023-02-20,24842.2,1703.27
2023-02-21,24452.16,1659.76
2023-02-22,24182.21,1643.14
2023-02-23,23940.2,1650.53
2023-02-24,23185.29,1607.8
2023-02-25,23157.07,1594.58
2023-02-26,23554.85,1641.36
2023-02-27,23492.09,1633.45
2023-02-28,23141.57,1605.23
2023-03-01,23628.97,1665.22
2023-03-02,23465.32,1647.86
2023-03-03,22354.34,1569.45
2023-03-04,22346.57,1566.73
2023-03-05,22430.24,1564.58
2023-03-06,22410.0,1565.84
2023-03-07,22197.96,1561.96
2023-03-08,21705.44,1532.38
2023-03-09,20362.22,1437.32
2023-03-10,20150.69,1426.44
2023-03-11,20455.73,1471.97
2023-03-12,21997.11,1580.33
2023-03-13,24113.48,1673.45
2023-03-14,24670.41,1699.4
2023-03-15,24285.66,1649.96
2023-03-16,24998.78,1673.73
2023-03-17,27395.13,1789.27
2023-03-18,26907.49,1758.84
2023-03-19,27972.87,1780.68
2023-03-20,27717.01,1732.78
2023-03-21,28105.47,1801.23
2023-03-22,27250.97,1734.33
2023-03-23,28295.41,1813.79
2023-03-24,27454.47,1749.57
2023-03-25,27462.95,1741.88
2023-03-26,27968.05,1773.88
2023-03-27,27124.91,1715.22
2023-03-28,27261.07,1772.99
2023-03-29,28348.6,1793.07
2023-03-30,28028.53,1793.61
2023-03-31,28465.36,1821.52
2023-04-01,28452.73,1820.79
2023-04-02,28171.87,1794.51
2023-04-03,27800.0,1810.51
2023-04-04,28165.47,1870.37
2023-04-05,28170.01,1908.69
2023-04-06,28033.82,1872.41
2023-04-07,27906.33,1863.72
2023-04-08,27938.38,1848.82
2023-04-09,28323.76,1858.92
2023-04-10,29637.34,1910.2
2023-04-11,30200.42,1889.86
2023-04-12,29888.07,1917.39
2023-04-13,30373.84,2012.01
2023-04-14,30466.93,2099.99
2023-04-15,30295.09,2090.6
2023-04-16,30304.65,2118.67
2023-04-17,29430.27,2074.0
2023-04-18,30380.01,2103.5
2023-04-19,28797.1,1933.73
2023-04-20,28243.65,1942.98
2023-04-21,27262.84,1848.78
2023-04-22,27816.85,1874.16
2023-04-23,27590.6,1862.0
2023-04-24,27510.93,1841.84
2023-04-25,28300.79,1866.1
2023-04-26,28415.29,1866.01
2023-04-27,29472.77,1908.68
2023-04-28,29311.7,1890.94
2023-04-29,29230.45,1907.8
2023-04-30,29233.21,1870.09
2023-05-01,28068.26,1830.73
2023-05-02,28669.86,1870.08
2023-05-03,29026.16,1905.12
2023-05-04,28838.16,1877.07
2023-05-05,29505.61,1993.3
2023-05-06,28848.2,1896.33
2023-05-07,28430.1,1870.4
2023-05-08,27668.79,1847.56
2023-05-09,27628.27,1846.52
2023-05-10,27598.75,1840.84
2023-05-11,26968.62,1794.3
2023-05-12,26795.01,1807.45
2023-05-13,26775.28,1795.11
2023-05-14,26917.62,1799.21
2023-05-15,27162.14,1816.2
2023-05-16,27033.84,1824.21
2023-05-17,27405.61,1822.12
2023-05-18,26821.28,1800.56
2023-05-19,26880.26,1812.32
2023-05-20,27102.43,1819.42
2023-05-21,26747.78,1804.91
2023-05-22,26849.27,1817.35
2023-05-23,27219.61,1854.05
2023-05-24,26329.01,1799.89
2023-05-25,26473.79,1805.6
2023-05-26,26705.92,1827.79
2023-05-27,26854.27,1829.89
2023-05-28,28065.0,1908.64
2023-05-29,27736.4,1892.6
2023-05-30,27694.4,1900.59
2023-05-31,27210.35,1873.63
2023-06-01,26817.93,1861.78
2023-06-02,27242.59,1906.68
2023-06-03,27069.22,1892.06
2023-06-04,27115.21,1890.01
2023-06-05,25728.2,1810.5
2023-06-06,27230.08,1884.64
2023-06-07,26339.34,1832.13
2023-06-08,26498.61,1845.64
2023-06-09,26477.81,1840.37
2023-06-10,25841.21,1751.53
2023-06-11,25925.55,1752.76
2023-06-12,25905.19,1742.57
2023-06-13,25934.25,1740.12
2023-06-14,25128.6,1650.95
2023-06-15,25598.49,1666.96
2023-06-16,26345.0,1717.92
2023-06-17,26516.99,1727.76
2023-06-18,26339.97,1720.95
2023-06-19,26844.35,1737.11
2023-06-20,28307.99,1791.99
2023-06-21,29993.89,1889.11
2023-06-22,29884.92,1872.01
2023-06-23,30688.5,1892.63
2023-06-24,30527.43,1874.96
2023-06-25,30462.66,1898.8
2023-06-26,30267.99,1858.97
2023-06-27,30692.44,1889.58
2023-06-28,30077.41,1828.02
2023-06-29,30447.31,1851.99
2023-06-30,30472.0,1933.79
2023-07-01,30585.9,1924.5
2023-07-02,30617.03,1937.48
2023-07-03,31156.2,1955.54
2023-07-04,30766.51,1936.2
2023-07-05,30504.81,1910.36
2023-07-06,29895.43,1846.17
2023-07-07,30344.7,1870.91
2023-07-08,30284.63,1865.24
2023-07-09,30160.71,1862.8
2023-07-10,30411.57,1880.4
2023-07-11,30622.1,1878.3
2023-07-12,30380.0,1871.82
2023-07-13,31454.23,2004.49
2023-07-14,30312.01,1937.83
2023-07-15,30289.52,1931.41
2023-07-16,30231.99,1922.11
2023-07-17,30138.0,1911.2
2023-07-18,29859.13,1897.21
2023-07-19,29909.21,1888.63
2023-07-20,29800.0,1891.59
2023-07-21,29901.72,1891.73
2023-07-22,29794.0,1866.52
2023-07-23,30083.75,1888.73
2023-07-24,29176.5,1850.0
2023-07-25,29228.91,1857.66
2023-07-26,29351.96,1872.0
2023-07-27,29222.78,1861.28
2023-07-28,29314.14,1874.19
2023-07-29,29352.9,1880.46
2023-07-30,29281.09,1861.79
2023-07-31,29232.25,1856.14
2023-08-01,29705.99,1873.47
2023-08-02,29186.01,1839.9
2023-08-03,29193.64,1835.81
2023-08-04,29113.99,1830.23
2023-08-05,29072.13,1836.48
2023-08-06,29088.42,1830.28
2023-08-07,29211.06,1829.1
2023-08-08,29770.42,1856.3
2023-08-09,29581.99,1855.35
2023-08-10,29455.75,1852.47
2023-08-11,29426.03,1848.84
2023-08-12,29430.17,1849.93
2023-08-13,29303.84,1840.73
2023-08-14,29430.93,1845.5
2023-08-15,29200.0,1828.98
2023-08-16,28730.51,1807.81
2023-08-17,26623.41,1681.49
2023-08-18,26054.0,1661.59
2023-08-19,26100.01,1669.67
2023-08-20,26189.99,1685.24
2023-08-21,26126.92,1667.55
2023-08-22,26056.0,1634.99
2023-08-23,26432.72,1679.61
2023-08-24,26180.05,1661.16
2023-08-25,26060.01,1653.8
2023-08-26,26017.37,1647.04
2023-08-27,26101.77,1658.33
2023-08-28,26120.0,1653.08
2023-08-29,27716.34,1729.42
2023-08-30,27299.99,1705.23
2023-08-31,25940.78,1645.76
2023-09-01,25805.05,1629.12
2023-09-02,25869.51,1637.03
2023-09-03,25971.21,1635.84
2023-09-04,25826.02,1630.51
2023-09-05,25792.1,1634.45
2023-09-06,25759.95,1633.15
2023-09-07,26255.0,1648.11
2023-09-08,25910.5,1636.44
2023-09-09,25901.61,1635.54
2023-09-10,25841.61,1617.42
2023-09-11,25162.52,1551.85
2023-09-12,25840.1,1592.97
2023-09-13,26222.0,1607.62
2023-09-14,26522.73,1626.47
2023-09-15,26600.0,1641.29
2023-09-16,26559.67,1634.4
2023-09-17,26527.51,1622.48
2023-09-18,26762.51,1636.66
2023-09-19,27210.26,1643.12
2023-09-20,27125.0,1622.26
2023-09-21,26568.08,1583.94
2023-09-22,26580.14,1593.08
2023-09-23,26575.96,1593.86
2023-09-24,26248.38,1580.71
2023-09-25,26304.81,1588.33
2023-09-26,26221.67,1594.01
2023-09-27,26372.99,1598.64
2023-09-28,27021.39,1652.99
2023-09-29,26906.96,1667.45
2023-09-30,26962.56,1670.89
2023-10-01,27992.57,1733.79
2023-10-02,27494.51,1662.4
2023-10-03,27426.46,1656.88
2023-10-04,27778.57,1646.58
2023-10-05,27410.39,1611.79
2023-10-06,27931.09,1645.03
2023-10-07,27956.67,1633.57
2023-10-08,27917.05,1632.84
2023-10-09,27590.12,1580.13
2023-10-10,27390.12,1567.63
2023-10-11,26875.52,1566.87
2023-10-12,26759.63,1539.61
2023-10-13,26862.0,1552.16
2023-10-14,26852.48,1554.94
2023-10-15,27154.15,1557.77
2023-10-16,28500.78,1599.42
2023-10-17,28395.91,1565.01
2023-10-18,28320.0,1563.44
2023-10-19,28713.71,1566.57
2023-10-20,29669.04,1603.89
2023-10-21,29909.8,1628.94
2023-10-22,29992.46,1663.7
2023-10-23,33069.99,1765.46
2023-10-24,33922.73,1784.98
2023-10-25,34496.05,1787.15
2023-10-26,34151.66,1803.38
2023-10-27,33892.02,1779.4
2023-10-28,34081.0,1776.2
2023-10-29,34525.89,1795.14
2023-10-30,34474.73,1809.04
2023-10-31,34639.77,1814.67
2023-11-01,35421.43,1846.99
2023-11-02,34941.59,1800.8
2023-11-03,34716.78,1832.71
2023-11-04,35062.07,1855.54
2023-11-05,35011.88,1891.71
2023-11-06,35046.09,1900.95
2023-11-07,35399.12,1885.27
2023-11-08,35624.72,1888.12
2023-11-09,36701.09,2121.32
2023-11-10,37301.63,2077.72
2023-11-11,37130.0,2053.17
2023-11-12,37064.13,2044.68
2023-11-13,36462.93,2053.65
2023-11-14,35551.19,1979.39
2023-11-15,37858.2,2058.48
2023-11-16,36163.51,1961.77
2023-11-17,36613.92,1960.82
2023-11-18,36568.1,1962.6
2023-11-19,37359.86,2011.47
2023-11-20,37448.78,2021.4
2023-11-21,35741.65,1933.01
2023-11-22,37408.34,2063.21
2023-11-23,37294.28,2062.2
2023-11-24,37713.57,2080.84
2023-11-25,37780.67,2083.09
2023-11-26,37447.43,2062.33
2023-11-27,37242.7,2027.5
2023-11-28,37818.87,2048.14
2023-11-29,37854.64,2028.81
2023-11-30,37723.96,2051.96
2023-12-01,38682.52,2087.24
2023-12-02,39450.35,2164.74
2023-12-03,39972.26,2192.95
2023-12-04,41991.1,2243.37
2023-12-05,44073.32,2293.33
2023-12-06,43762.69,2232.7
2023-12-07,43273.14,2355.73
2023-12-08,44170.99,2358.72
2023-12-09,43713.6,2340.49
2023-12-10,43789.51,2352.39
2023-12-11,41253.4,2225.12
2023-12-12,41492.39,2203.46
2023-12-13,42869.03,2260.16
2023-12-14,43022.26,2315.32
2023-12-15,41940.3,2220.5
2023-12-16,42278.03,2228.96
2023-12-17,41374.65,2196.52
2023-12-18,42657.8,2219.43
2023-12-19,42275.99,2177.91
2023-12-20,43668.93,2202.17
2023-12-21,43861.8,2239.61
2023-12-22,43969.04,2324.54
2023-12-23,43702.16,2308.2
2023-12-24,42991.5,2264.05
2023-12-25,43576.13,2271.35
2023-12-26,42508.93,2230.88
2023-12-27,43428.85,2378.35
2023-12-28,42563.76,2344.15
2023-12-29,42066.95,2299.2
2023-12-30,42140.28,2291.68
2023-12-31,42283.58,2281.87
2024-01-01,44179.55,2352.04
2024-01-02,44946.91,2355.34
2024-01-03,42845.23,2209.72
2024-01-04,44151.1,2267.11
2024-01-05,44145.11,2268.78
2024-01-06,43968.32,2240.78
2024-01-07,43929.02,2221.42
2024-01-08,46951.04,2330.44
2024-01-09,46110.0,2344.29
2024-01-10,46653.99,2584.38
2024-01-11,46339.16,2618.01
2024-01-12,42782.73,2522.54
2024-01-13,42847.99,2578.19
2024-01-14,41732.35,2472.87
2024-01-15,42511.1,2511.78
2024-01-16,43137.95,2587.4
2024-01-17,42776.1,2530.19
2024-01-18,41327.5,2470.81
2024-01-19,41659.03,2492.0
2024-01-20,41696.04,2472.01
2024-01-21,41580.33,2457.05
2024-01-22,39568.02,2314.2
2024-01-23,39897.6,2242.6
2024-01-24,40084.88,2235.02
2024-01-25,39961.09,2218.64
2024-01-26,41823.51,2267.68
2024-01-27,42120.63,2267.94
2024-01-28,42031.06,2256.9
2024-01-29,43302.7,2317.6
2024-01-30,42941.1,2343.01
2024-01-31,42580.0,2283.14
2024-02-01,43082.94,2304.28
2024-02-02,43200.0,2309.06
2024-02-03,43011.09,2296.49
2024-02-04,42582.88,2289.79
2024-02-05,42708.7,2301.83
2024-02-06,43098.95,2372.64
2024-02-07,44349.6,2425.1
2024-02-08,45288.65,2419.55
2024-02-09,47132.77,2486.56
2024-02-10,47751.09,2500.24
2024-02-11,48299.99,2507.21
2024-02-12,49917.27,2659.99
2024-02-13,49699.59,2639.99
2024-02-14,51795.17,2774.81
2024-02-15,51880.0,2822.59
2024-02-16,52124.11,2801.8
2024-02-17,51642.64,2785.93
2024-02-18,52137.67,2881.2
2024-02-19,51774.73,2944.8
2024-02-20,52258.82,3014.81
2024-02-21,51849.39,2967.9
2024-02-22,51288.42,2971.4
2024-02-23,50744.15,2922.24
2024-02-24,51568.22,2992.62
2024-02-25,51728.85,3112.59
2024-02-26,54476.47,3175.94
2024-02-27,57037.34,3242.36
2024-02-28,62432.1,3383.1
2024-02-29,61130.98,3340.09
2024-03-01,62387.9,3433.43
2024-03-02,61987.28,3421.4
2024-03-03,63113.97,3487.81
2024-03-04,68245.71,3627.76
2024-03-05,63724.01,3553.65
2024-03-06,66074.04,3818.59
2024-03-07,66823.17,3868.76
2024-03-08,68124.19,3883.36
2024-03-09,68313.27,3905.21
2024-03-10,68955.88,3878.47
2024-03-11,72078.1,4064.8
2024-03-12,71452.01,3979.96
2024-03-13,73072.41,4004.79
2024-03-14,71388.94,3881.7
2024-03-15,69499.85,3742.19
2024-03-16,65300.63,3523.09
2024-03-17,68393.48,3644.71
2024-03-18,67609.99,3520.46
2024-03-19,61937.4,3158.64
2024-03-20,67840.51,3516.53
2024-03-21,65501.27,3492.85
2024-03-22,63796.64,3336.35
2024-03-23,63990.01,3329.53
2024-03-24,67209.99,3454.98
2024-03-25,69880.01,3590.42
2024-03-26,69988.0,3587.33
2024-03-27,69469.99,3501.19
2024-03-28,70780.6,3560.49
2024-03-29,69850.54,3509.74
2024-03-30,69582.18,3505.64
2024-03-31,71280.01,3645.29
2024-04-01,69649.8,3503.8
2024-04-02,65463.99,3278.96
2024-04-03,65963.28,3310.83
2024-04-04,68487.79,3327.4
2024-04-05,67820.62,3317.85
2024-04-06,68896.0,3351.59
2024-04-07,69360.39,3454.2
2024-04-08,71620.0,3694.61
2024-04-09,69146.0,3506.39
2024-04-10,70631.08,3545.64
2024-04-11,70006.23,3502.52
2024-04-12,67116.52,3237.43
2024-04-13,63924.51,3007.01
2024-04-14,65661.84,3155.11
2024-04-15,63419.99,3101.99
2024-04-16,63793.39,3084.22
2024-04-17,61277.37,2985.41
2024-04-18,63470.08,3064.4
2024-04-19,63818.01,3056.46
2024-04-20,64940.59,3155.79
2024-04-21,64941.15,3147.67
2024-04-22,66819.32,3200.2
2024-04-23,66414.0,3219.46
2024-04-24,64289.59,3140.8
2024-04-25,64498.34,3155.8
2024-04-26,63770.01,3131.3
2024-04-27,63461.98,3255.56
2024-04-28,63118.62,3263.45
2024-04-29,63866.0,3216.73
2024-04-30,60672.0,3014.05
2024-05-01,58364.97,2972.46
2024-05-02,59060.61,2986.19
2024-05-03,62882.01,3102.61
2024-05-04,63892.04,3117.23
2024-05-05,64012.0,3136.41
2024-05-06,63165.19,3062.6
2024-05-07,62312.08,3005.69
2024-05-08,61193.03,2974.21
2024-05-09,63074.01,3036.23
2024-05-10,60799.99,2909.99
2024-05-11,60825.99,2912.45
2024-05-12,61483.99,2929.29
2024-05-13,62940.08,2950.99
2024-05-14,61577.49,2881.93
2024-05-15,66206.5,3032.55
2024-05-16,65235.21,2944.7
2024-05-17,67024.0,3092.01
2024-05-18,66915.2,3122.94
2024-05-19,66274.01,3071.19
2024-05-20,71446.62,3661.78
2024-05-21,70148.34,3789.6
2024-05-22,69166.62,3737.73
2024-05-23,67969.65,3783.61
2024-05-24,68549.99,3728.28
2024-05-25,69290.57,3749.26
2024-05-26,68507.67,3826.47
2024-05-27,69436.43,3894.22
2024-05-28,68398.39,3844.69
2024-05-29,67652.42,3767.43
2024-05-30,68352.17,3747.91
2024-05-31,67540.01,3762.29
2024-06-01,67766.85,3815.82
2024-06-02,67765.63,3780.91
2024-06-03,68809.9,3767.06
2024-06-04,70537.84,3810.23
2024-06-05,71108.0,3865.99
2024-06-06,70799.06,3813.46
2024-06-07,69355.6,3678.32
2024-06-08,69310.46,3681.57
2024-06-09,69648.14,3706.4
2024-06-10,69540.0,3667.85
2024-06-11,67314.24,3497.33
2024-06-12,68263.99,3560.12
2024-06-13,66773.01,3469.4
2024-06-14,66043.99,3481.8
2024-06-15,66228.25,3568.74
2024-06-16,66676.87,3624.41
2024-06-17,66504.33,3511.46
2024-06-18,65175.32,3483.42
2024-06-19,64974.37,3560.51
2024-06-20,64869.99,3513.08
2024-06-21,64143.56,3518.5
2024-06-22,64262.01,3495.75
2024-06-23,63210.01,3420.91
2024-06-24,60293.3,3352.73
2024-06-25,61806.01,3394.91
2024-06-26,60864.99,3371.44
2024-06-27,61706.47,3450.44
2024-06-28,60427.84,3380.15
2024-06-29,60986.68,3378.8
2024-06-30,62772.01,3438.16
2024-07-01,62899.99,3442.2
2024-07-02,62135.47,3421.35
2024-07-03,60208.58,3295.48
2024-07-04,57050.01,3059.7
2024-07-05,56628.79,2981.78
2024-07-06,58230.13,3066.83
2024-07-07,55857.81,2931.0
2024-07-08,56714.62,3019.01
2024-07-09,58050.0,3066.65
2024-07-10,57725.85,3101.05
2024-07-11,57339.89,3099.57
2024-07-12,57889.1,3133.88
2024-07-13,59204.02,3175.93
2024-07-14,60797.91,3245.08
2024-07-15,64724.14,3483.39
2024-07-16,65043.99,3444.13
2024-07-17,64087.99,3387.05
2024-07-18,63987.92,3426.5
2024-07-19,66660.0,3503.53
2024-07-20,67139.96,3517.5
2024-07-21,68165.34,3535.92
2024-07-22,67532.01,3439.6
2024-07-23,65936.01,3482.51
2024-07-24,65376.0,3335.81
2024-07-25,65799.95,3175.48
2024-07-26,67907.99,3274.61
2024-07-27,67896.5,3249.01
2024-07-28,68249.88,3270.16
2024-07-29,66784.69,3317.66
2024-07-30,66188.0,3279.21
2024-07-31,64628.0,3232.74
2024-08-01,65354.02,3203.4
2024-08-02,61498.33,2989.61
2024-08-03,60697.99,2903.64
2024-08-04,58161.0,2688.92
2024-08-05,54018.81,2419.59
2024-08-06,56022.01,2461.33
2024-08-07,55134.16,2342.8
2024-08-08,61685.99,2682.5
2024-08-09,60837.99,2598.78
2024-08-10,60923.51,2609.92
2024-08-11,58712.59,2555.38
2024-08-12,59346.64,2722.3
2024-08-13,60587.15,2702.44
2024-08-14,58683.39,2661.45
2024-08-15,57541.06,2569.89
2024-08-16,58874.6,2592.73
2024-08-17,59491.99,2614.51
2024-08-18,58427.35,2612.15
2024-08-19,59438.5,2636.36
2024-08-20,59013.8,2572.82
2024-08-21,61156.03,2630.71
2024-08-22,60375.84,2622.88
2024-08-23,64037.24,2762.48
2024-08-24,64157.01,2768.0
2024-08-25,64220.0,2746.13
2024-08-26,62834.0,2680.49
2024-08-27,59415.0,2457.33
2024-08-28,59034.9,2528.33
2024-08-29,59359.01,2527.61
2024-08-30,59123.99,2526.0
2024-08-31,58973.99,2513.01
2024-09-01,57301.86,2425.72
2024-09-02,59132.13,2538.01
2024-09-03,57487.73,2425.29
2024-09-04,57970.9,2450.71
2024-09-05,56180.0,2368.81
2024-09-06,53962.97,2225.23
2024-09-07,54160.86,2273.58
2024-09-08,54869.95,2297.3
2024-09-09,57042.0,2359.5
2024-09-10,57635.99,2388.52
2024-09-11,57338.0,2340.55
2024-09-12,58132.32,2361.76
2024-09-13,60498.0,2439.19
2024-09-14,59993.03,2417.79
2024-09-15,59132.0,2316.1
2024-09-16,58213.99,2295.68
2024-09-17,60313.99,2341.8
2024-09-18,61759.99,2374.75
2024-09-19,62947.99,2465.21
2024-09-20,63201.05,2561.4
2024-09-21,63348.96,2612.4
2024-09-22,63578.76,2581.0
2024-09-23,63339.99,2646.97
2024-09-24,64262.7,2653.2
2024-09-25,63152.01,2579.95
2024-09-26,65173.99,2632.26
2024-09-27,65769.95,2694.43
2024-09-28,65858.0,2675.21
2024-09-29,65602.01,2657.62
2024-09-30,63327.59,2602.23
2024-10-01,60805.78,2447.79
2024-10-02,60649.28,2364.1
2024-10-03,60752.71,2349.8
2024-10-04,62086.0,2414.41
2024-10-05,62058.0,2414.66
2024-10-06,62819.91,2440.03
2024-10-07,62224.0,2422.71
2024-10-08,62160.49,2440.89
2024-10-09,60636.02,2370.47
2024-10-10,60326.39,2386.49
2024-10-11,62540.0,2439.5
2024-10-12,63206.22,2476.4
2024-10-13,62870.02,2468.91
2024-10-14,66083.99,2629.79
2024-10-15,67074.14,2607.41
2024-10-16,67620.01,2611.1
2024-10-17,67421.78,2605.8
2024-10-18,68428.0,2642.17
2024-10-19,68378.0,2648.2
2024-10-20,69031.99,2746.91
2024-10-21,67377.5,2666.7
2024-10-22,67426.0,2622.81
2024-10-23,66668.65,2524.61
2024-10-24,68198.28,2535.82
2024-10-25,66698.33,2440.62
2024-10-26,67092.76,2482.51
2024-10-27,68021.7,2507.8
2024-10-28,69962.21,2567.48
2024-10-29,72736.42,2638.8
2024-10-30,72344.74,2659.19
2024-10-31,70292.01,2518.61
2024-11-01,69496.01,2511.49
2024-11-02,69374.74,2494.23
2024-11-03,68775.99,2457.73
2024-11-04,67850.01,2398.21
2024-11-05,69372.01,2422.55
2024-11-06,75571.99,2721.87
2024-11-07,75857.89,2895.47
2024-11-08,76509.78,2961.75
2024-11-09,76677.46,3126.21
2024-11-10,80370.01,3183.21
2024-11-11,88647.99,3371.59
2024-11-12,87952.01,3243.8
2024-11-13,90375.2,3187.16
2024-11-14,87325.59,3058.82
2024-11-15,91032.07,3090.01
2024-11-16,90586.92,3132.87
2024-11-17,89855.99,3076.0
2024-11-18,90464.08,3207.8
2024-11-19,92310.79,3107.44
2024-11-20,94286.56,3069.97
2024-11-21,98317.12,3355.81
2024-11-22,98892.0,3327.78
2024-11-23,97672.4,3393.91
2024-11-24,97900.04,3361.2
2024-11-25,93010.01,3414.49
2024-11-26,91965.16,3324.73
2024-11-27,95863.11,3653.28
2024-11-28,95643.98,3578.79
2024-11-29,97460.0,3592.21
2024-11-30,96407.99,3703.6
2024-12-01,97185.18,3707.61
2024-12-02,95840.62,3643.42
2024-12-03,95849.69,3614.51
2024-12-04,98587.32,3837.8
2024-12-05,96945.63,3785.2
2024-12-06,99740.84,3998.87
2024-12-07,99831.99,3996.22
2024-12-08,101109.59,4004.15
2024-12-09,97276.47,3712.0
2024-12-10,96593.0,3628.25
2024-12-11,101125.0,3831.81
2024-12-12,100004.29,3881.61
2024-12-13,101424.25,3906.8
2024-12-14,101420.0,3870.29
2024-12-15,104463.99,3959.09
2024-12-16,106058.66,3986.24
2024-12-17,106133.74,3893.01
2024-12-18,100204.01,3626.8
2024-12-19,97461.86,3417.01
2024-12-20,97805.44,3472.21
2024-12-21,97291.99,3338.92
2024-12-22,95186.27,3281.83
2024-12-23,94881.47,3422.53
2024-12-24,98663.58,3493.18
2024-12-25,99429.6,3497.0
2024-12-26,95791.6,3335.05
2024-12-27,94299.03,3333.51
2024-12-28,95300.0,3404.0
2024-12-29,93738.2,3356.48
2024-12-30,92792.05,3361.84
2024-12-31,93576.0,3337.78
2025-01-01,94591.79,3360.38
2025-01-02,96984.79,3455.67
2025-01-03,98174.18,3609.01
2025-01-04,98220.5,3656.88
2025-01-05,98363.61,3635.99
2025-01-06,102235.6,3687.45
2025-01-07,96954.61,3381.31
2025-01-08,95060.61,3327.29
2025-01-09,92552.49,3219.2
2025-01-10,94726.11,3267.04
2025-01-11,94599.99,3282.83
2025-01-12,94545.06,3267.3
2025-01-13,94536.1,3137.51
2025-01-14,96560.86,3225.63
2025-01-15,100497.35,3451.52
2025-01-16,99987.3,3308.05
2025-01-17,104077.48,3473.63
2025-01-18,104556.23,3307.71
2025-01-19,101331.57,3215.12
2025-01-20,102260.01,3284.0
2025-01-21,106143.82,3327.54
2025-01-22,103706.66,3242.6
2025-01-23,103910.34,3338.21
2025-01-24,104870.5,3310.09
2025-01-25,104746.85,3318.77
2025-01-26,102620.0,3232.61
2025-01-27,102082.83,3182.44
2025-01-28,101335.52,3077.72
2025-01-29,103733.24,3113.9
2025-01-30,104722.94,3247.39
2025-01-31,102429.56,3300.99
2025-02-01,100635.65,3117.54
2025-02-02,97700.59,2869.68
2025-02-03,101328.52,2879.9
2025-02-04,97763.13,2731.19
2025-02-05,96612.43,2788.25
2025-02-06,96554.35,2686.64
2025-02-07,96506.8,2622.1
2025-02-08,96444.74,2632.46
2025-02-09,96462.75,2627.18
2025-02-10,97430.82,2661.19
2025-02-11,95778.2,2602.59
2025-02-12,97869.99,2738.27
2025-02-13,96608.14,2675.87
2025-02-14,97500.48,2725.95
2025-02-15,97569.66,2693.04
2025-02-16,96118.12,2661.41
2025-02-17,95780.0,2744.05
2025-02-18,95671.74,2671.99
2025-02-19,96644.37,2715.5
2025-02-20,98305.0,2738.04
2025-02-21,96181.98,2663.0
2025-02-22,96551.01,2763.22
2025-02-23,96258.0,2819.69
2025-02-24,91552.88,2513.52
2025-02-25,88680.4,2495.7
2025-02-26,84250.09,2336.37
2025-02-27,84708.58,2307.72
2025-02-28,84349.94,2237.59
2025-03-01,86064.53,2217.39
2025-03-02,94270.0,2518.11
2025-03-03,86220.61,2149.01
2025-03-04,87281.98,2171.51
2025-03-05,90606.01,2241.59
2025-03-06,89931.89,2202.2
2025-03-07,86801.75,2141.6
2025-03-08,86222.45,2203.58
2025-03-09,80734.37,2020.41
2025-03-10,78595.86,1865.1
2025-03-11,82932.99,1923.43
2025-03-12,83680.12,1908.2
2025-03-13,81115.78,1864.59
2025-03-14,83983.2,1911.65
2025-03-15,84338.44,1937.17
2025-03-16,82574.53,1887.0
2025-03-17,84010.03,1926.31
2025-03-18,82715.03,1931.54
2025-03-19,86845.94,2056.06
2025-03-20,84223.39,1983.79
2025-03-21,84088.79,1965.75
2025-03-22,83840.59,1980.69
2025-03-23,86082.5,2005.99
2025-03-24,87498.16,2081.2
2025-03-25,87392.87,2066.15
2025-03-26,86909.17,2009.52
2025-03-27,87232.01,2003.66
2025-03-28,84424.38,1896.9
2025-03-29,82648.54,1828.08
2025-03-30,82389.99,1807.74
2025-03-31,82550.01,1822.43
2025-04-01,85158.34,1904.98
2025-04-02,82516.29,1795.22
2025-04-03,83213.09,1817.23
2025-04-04,83889.87,1816.87
2025-04-05,83537.99,1806.01
2025-04-06,78430.0,1580.76
2025-04-07,79163.24,1553.04
2025-04-08,76322.42,1473.41
2025-04-09,82615.22,1669.51
2025-04-10,79607.3,1522.25
2025-04-11,83423.84,1566.85
2025-04-12,85276.9,1644.18
2025-04-13,83760.0,1597.76
2025-04-14,84591.58,1623.77
2025-04-15,83643.99,1588.78
2025-04-16,84030.38,1577.14
2025-04-17,84947.91,1583.62
2025-04-18,84474.69,1588.6
2025-04-19,85077.01,1613.27
2025-04-20,85179.24,1587.36
2025-04-21,87516.23,1579.57
2025-04-22,93442.99,1756.26
2025-04-23,93691.08,1795.07
2025-04-24,93980.47,1769.65
2025-04-25,94638.68,1784.6
2025-04-26,94628.0,1820.88
2025-04-27,93749.3,1791.29
2025-04-28,95011.18,1799.88
2025-04-29,94256.82,1797.81
2025-04-30,94172.0,1793.61
2025-05-01,96489.91,1838.11
2025-05-02,96887.14,1842.2
2025-05-03,95856.42,1833.52
2025-05-04,94277.62,1808.86
2025-05-05,94733.68,1820.19
2025-05-06,96834.02,1817.0
2025-05-07,97030.5,1811.11
2025-05-08,103261.6,2207.39
2025-05-09,102971.99,2345.04
2025-05-10,104809.53,2583.23
2025-05-11,104118.0,2514.57
2025-05-12,102791.32,2495.47
2025-05-13,104103.72,2679.71
2025-05-14,103507.82,2609.74
2025-05-15,103763.71,2548.69
2025-05-16,103463.9,2537.12
2025-05-17,103126.65,2475.08
2025-05-18,106454.26,2497.78
2025-05-19,105573.74,2528.14
2025-05-20,106849.99,2524.19
2025-05-21,109643.99,2550.99
2025-05-22,111696.21,2664.82
2025-05-23,107318.3,2526.5
2025-05-24,107761.91,2530.4
2025-05-25,109004.19,2551.22
2025-05-26,109434.79,2563.7
2025-05-27,108938.17,2660.81
2025-05-28,107781.78,2681.6
2025-05-29,105589.75,2631.39
2025-05-30,103985.48,2531.34
2025-05-31,104591.88,2528.06
2025-06-01,105642.93,2539.21
2025-06-02,105857.99,2607.41
2025-06-03,105376.89,2593.36
2025-06-04,104696.86,2607.68
2025-06-05,101508.68,2414.01
2025-06-06,104288.44,2476.1
2025-06-07,105552.15,2524.63
2025-06-08,105734.0,2509.83
2025-06-09,110263.02,2680.13
2025-06-10,110274.39,2816.4
2025-06-11,108645.12,2771.61
2025-06-12,105671.73,2642.65
2025-06-13,106066.59,2579.19
2025-06-14,105414.64,2530.76
2025-06-15,105594.01,2547.61
2025-06-16,106794.53,2544.17
2025-06-17,104551.17,2509.95
2025-06-18,104886.78,2525.0
2025-06-19,104658.59,2521.12
2025-06-20,103297.99,2406.49
2025-06-21,102120.01,2295.73
2025-06-22,100963.87,2227.7
2025-06-23,105333.93,2411.66
2025-06-24,106083.0,2448.45
2025-06-25,107340.58,2418.49
2025-06-26,106947.06,2415.96
2025-06-27,107047.59,2423.17
2025-06-28,107296.79,2435.62
2025-06-29,108356.93,2500.09
2025-06-30,107146.5,2485.47
2025-07-01,105681.14,2405.01
2025-07-02,108849.6,2570.41
2025-07-03,109584.78,2591.25
2025-07-04,107984.24,2508.04
2025-07-05,108198.12,2516.41
2025-07-06,109203.84,2570.35
2025-07-07,108262.94,2542.29
2025-07-08,108922.98,2615.25
2025-07-09,111233.99,2768.74
2025-07-10,116010.0,2951.29
2025-07-11,117527.66,2958.22
2025-07-12,117420.0,2943.28
2025-07-13,119086.64,2972.03
2025-07-14,119841.18,3013.62
2025-07-15,117758.09,3137.89
2025-07-16,118630.43,3371.35
2025-07-17,119177.56,3476.87
2025-07-18,117924.84,3546.92
2025-07-19,117840.0,3592.01
2025-07-20,117265.12,3756.69
2025-07-21,117380.36,3762.33
2025-07-22,119954.42,3746.21
2025-07-23,118755.99,3628.29
2025-07-24,118340.99,3706.94
2025-07-25,117614.31,3724.96
2025-07-26,117919.99,3741.1
2025-07-27,119415.55,3872.1
2025-07-28,118062.32,3799.0
2025-07-29,117950.76,3793.79
2025-07-30,117840.3,3810.0
2025-07-31,115764.08,3698.39
2025-08-01,113297.93,3488.2
2025-08-02,112546.35,3393.94
2025-08-03,114208.8,3496.74
2025-08-04,115055.03,3720.99
2025-08-05,114129.75,3612.0
2025-08-06,114992.27,3683.31
2025-08-07,117472.01,3910.31
2025-08-08,116674.74,4009.5
2025-08-09,116462.25,4260.62
2025-08-10,119294.01,4250.57
2025-08-11,118686.0,4223.22
2025-08-12,120134.08,4590.52
2025-08-13,123306.43,4749.3
2025-08-14,118295.09,4546.84
2025-08-15,117342.05,4439.47
2025-08-16,117380.66,4421.99
2025-08-17,117405.01,4472.33
2025-08-18,116227.05,4312.99
2025-08-19,112872.94,4075.59
2025-08-20,114271.24,4336.16
2025-08-21,112500.0,4225.3
2025-08-22,116935.99,4832.07
2025-08-23,115438.05,4778.4
2025-08-24,113493.59,4780.15
2025-08-25,110111.98,4376.18
2025-08-26,111763.22,4600.63
2025-08-27,111262.01,4506.71
2025-08-28,112566.9,4511.21
2025-08-29,108377.4,4360.18
2025-08-30,108816.33,4373.7
2025-08-31,108246.35,4391.83
2025-09-01,109237.42,4314.5
2025-09-02,111240.01,4326.5
2025-09-03,111705.71,4450.46
2025-09-04,110730.87,4297.55
2025-09-05,110659.99,4307.45
2025-09-06,110187.97,4273.14
2025-09-07,111137.34,4306.19
2025-09-08,112065.23,4306.37
2025-09-09,111546.39,4310.09
2025-09-10,113960.0,4349.32
2025-09-11,115482.69,4458.82
2025-09-12,116029.42,4712.16
2025-09-13,115918.29,4666.53
2025-09-14,115268.01,4604.49
2025-09-15,115349.71,4523.74
2025-09-16,116788.96,4501.29
2025-09-17,115786.17,4590.53
